country_rank,username,reputation,worldwide_rank,resolved_reports,thanks_items,signal,impact,user_type,profile,user_id
1,supermancyber,28596,46,662,70,6.99,16.95,individual,https://hackerone.com/supermancyber,Z2lkOi8vaGFja2Vyb25lL1VzZXIvMjg0NTYzOA==
2,irwanjugabro,25331,63,679,231,6.22,18.67,individual,https://hackerone.com/irwanjugabro,Z2lkOi8vaGFja2Vyb25lL1VzZXIvOTgzNjU3
3,amr_id,10200,242,274,37,7.0,18.39,individual,https://hackerone.com/amr_id,Z2lkOi8vaGFja2Vyb25lL1VzZXIvMjM3OTg3Nw==
4,hrdfrdh,9904,,412,251,5.88,16.82,individual,https://hackerone.com/hrdfrdh,Z2lkOi8vaGFja2Vyb25lL1VzZXIvMTcwOTQ2Ng==
5,emanuelharijanto,9532,262,267,144,6.62,18.99,individual,https://hackerone.com/emanuelharijanto,Z2lkOi8vaGFja2Vyb25lL1VzZXIvNjkxNDA0
6,root_geek280,9157,276,243,161,5.87,19.35,individual,https://hackerone.com/root_geek280,Z2lkOi8vaGFja2Vyb25lL1VzZXIvNDg5NjAy
7,rafiem,7751,339,350,13,6.4,16.3,individual,https://hackerone.com/rafiem,Z2lkOi8vaGFja2Vyb25lL1VzZXIvNDI4MzQ3
8,n13s,6856,397,187,56,5.53,19.63,individual,https://hackerone.com/n13s,Z2lkOi8vaGFja2Vyb25lL1VzZXIvMTI4ODI5NQ==
9,gnux,5517,503,185,79,4.62,17.57,individual,https://hackerone.com/gnux,Z2lkOi8vaGFja2Vyb25lL1VzZXIvNTkxOTY=
10,clearlovefanboi,5490,508,73,90,6.71,30.14,individual,https://hackerone.com/clearlovefanboi,Z2lkOi8vaGFja2Vyb25lL1VzZXIvMTI3Njg3NA==
11,back2arie,5184,549,127,68,7.0,20.28,individual,https://hackerone.com/back2arie,Z2lkOi8vaGFja2Vyb25lL1VzZXIvMjUyMjI2Nw==
12,auxirie,4995,570,110,22,6.88,18.37,individual,https://hackerone.com/auxirie,Z2lkOi8vaGFja2Vyb25lL1VzZXIvMTE2Njk5NA==
13,find_me_here,4604,619,125,43,5.62,19.36,individual,https://hackerone.com/find_me_here,Z2lkOi8vaGFja2Vyb25lL1VzZXIvMTI3MTg0NA==
14,vibonacci,4604,619,86,50,6.52,26.14,individual,https://hackerone.com/vibonacci,Z2lkOi8vaGFja2Vyb25lL1VzZXIvMjI4NjYwOA==
15,ssherlock1,4495,632,118,33,6.4,16.96,individual,https://hackerone.com/ssherlock1,Z2lkOi8vaGFja2Vyb25lL1VzZXIvMjgzOTIwNw==
16,arong3117,4325,656,166,18,6.58,16.37,individual,https://hackerone.com/arong3117,Z2lkOi8vaGFja2Vyb25lL1VzZXIvMjYwNDI5NQ==
17,apapedulimu,4023,719,132,35,5.45,17.38,individual,https://hackerone.com/apapedulimu,Z2lkOi8vaGFja2Vyb25lL1VzZXIvMTU4NDA3
18,gevakun,3948,731,112,29,6.59,13.9,individual,https://hackerone.com/gevakun,Z2lkOi8vaGFja2Vyb25lL1VzZXIvMTgzNjgz
19,cthulhufhtagn,3442,829,57,10,6.89,22.93,individual,https://hackerone.com/cthulhufhtagn,Z2lkOi8vaGFja2Vyb25lL1VzZXIvOTQxNzIy
20,tipsen,3119,915,46,27,7.0,19.29,individual,https://hackerone.com/tipsen,Z2lkOi8vaGFja2Vyb25lL1VzZXIvNDI1MjIzOQ==
21,muhammaddaffa,2829,997,73,49,5.9,18.48,individual,https://hackerone.com/muhammaddaffa,Z2lkOi8vaGFja2Vyb25lL1VzZXIvNTg5NzAw
22,them4les_l1r,2808,1012,85,14,6.23,16.87,individual,https://hackerone.com/them4les_l1r,Z2lkOi8vaGFja2Vyb25lL1VzZXIvMTA1OTk3Nw==
23,v0id1,2797,1017,89,23,6.42,21.68,individual,https://hackerone.com/v0id1,Z2lkOi8vaGFja2Vyb25lL1VzZXIvMjEzNjg3MQ==
24,frozzipies,2726,1042,63,21,5.85,16.97,individual,https://hackerone.com/frozzipies,Z2lkOi8vaGFja2Vyb25lL1VzZXIvMjEwNDU2OA==
25,mrzheev,2459,1140,67,49,4.44,20.9,individual,https://hackerone.com/mrzheev,Z2lkOi8vaGFja2Vyb25lL1VzZXIvMTI5NTE4MQ==
26,mhmmdazhari,2430,1156,62,22,7.0,21.96,individual,https://hackerone.com/mhmmdazhari,Z2lkOi8vaGFja2Vyb25lL1VzZXIvNjkzNTI0
27,zeeagil,2374,1174,46,17,6.4,15.5,individual,https://hackerone.com/zeeagil,Z2lkOi8vaGFja2Vyb25lL1VzZXIvMjY1NTIzMg==
28,abdilahrf_,2373,1175,77,57,5.25,19.49,individual,https://hackerone.com/abdilahrf_,Z2lkOi8vaGFja2Vyb25lL1VzZXIvODU1OA==
29,nnxxrr,2322,,31,16,5.69,18.6,individual,https://hackerone.com/nnxxrr,Z2lkOi8vaGFja2Vyb25lL1VzZXIvMjk5OTk5MA==
30,n1rmala,2127,1290,44,16,4.45,15.37,individual,https://hackerone.com/n1rmala,Z2lkOi8vaGFja2Vyb25lL1VzZXIvMjgxOTU4OA==
31,smileydoxxx,2112,1297,75,44,5.09,17.93,individual,https://hackerone.com/smileydoxxx,Z2lkOi8vaGFja2Vyb25lL1VzZXIvMTE2MjQyNA==
32,0xshdax,2110,1299,85,43,6.47,16.06,individual,https://hackerone.com/0xshdax,Z2lkOi8vaGFja2Vyb25lL1VzZXIvMTAwNDU1MQ==
33,syarif07,2097,1304,56,28,3.64,18.16,individual,https://hackerone.com/syarif07,Z2lkOi8vaGFja2Vyb25lL1VzZXIvMTc4NjU5OA==
34,rabka,2079,1315,27,9,7.0,24.83,individual,https://hackerone.com/rabka,Z2lkOi8vaGFja2Vyb25lL1VzZXIvMjU0NzAzMQ==
35,b4dc4t,1860,1434,49,35,6.49,17.74,individual,https://hackerone.com/b4dc4t,Z2lkOi8vaGFja2Vyb25lL1VzZXIvMTA1MDI3NA==
36,prasetia,1790,1484,62,8,5.75,20.25,individual,https://hackerone.com/prasetia,Z2lkOi8vaGFja2Vyb25lL1VzZXIvMTU3NTA1
37,rugb,1494,1721,42,28,4.06,26.31,individual,https://hackerone.com/rugb,Z2lkOi8vaGFja2Vyb25lL1VzZXIvMzc3NDY=
38,antonade,1468,1751,10,18,5.93,17.55,individual,https://hackerone.com/antonade,Z2lkOi8vaGFja2Vyb25lL1VzZXIvMzg3MjgyNA==
39,toxfly,1429,1789,27,5,6.67,26.43,individual,https://hackerone.com/toxfly,Z2lkOi8vaGFja2Vyb25lL1VzZXIvMjgyMzE4NQ==
40,0x3rz4f,1420,1800,45,9,6.76,23.45,individual,https://hackerone.com/0x3rz4f,Z2lkOi8vaGFja2Vyb25lL1VzZXIvMjI1MjA4NA==
41,sepolia,1395,1823,47,22,5.28,17.5,individual,https://hackerone.com/sepolia,Z2lkOi8vaGFja2Vyb25lL1VzZXIvMTc4MjQ3
42,33x,1390,1828,18,15,6.6,17.45,individual,https://hackerone.com/33x,Z2lkOi8vaGFja2Vyb25lL1VzZXIvMzQ0MDIyMw==
43,bebensap,1323,1884,50,11,5.77,28.33,individual,https://hackerone.com/bebensap,Z2lkOi8vaGFja2Vyb25lL1VzZXIvNDMxNTE3Mg==
44,rootbakar_,1315,1900,49,17,2.65,17.12,individual,https://hackerone.com/rootbakar_,Z2lkOi8vaGFja2Vyb25lL1VzZXIvMjYwNTE0
45,asdqw3,1204,2052,38,23,6.08,23.03,individual,https://hackerone.com/asdqw3,Z2lkOi8vaGFja2Vyb25lL1VzZXIvNzMzNTMw
46,nanwn,1191,2068,37,33,4.21,23.29,individual,https://hackerone.com/nanwn,Z2lkOi8vaGFja2Vyb25lL1VzZXIvNTU3MTQ1
47,elvies,1170,2087,11,18,7.0,17.12,individual,https://hackerone.com/elvies,Z2lkOi8vaGFja2Vyb25lL1VzZXIvMjg0NjA2Mw==
48,novemberelang,1165,2094,35,18,6.06,15.8,individual,https://hackerone.com/novemberelang,Z2lkOi8vaGFja2Vyb25lL1VzZXIvMjgzNzAzOQ==
49,xzyhellsing,1122,2157,11,23,6.12,19.46,individual,https://hackerone.com/xzyhellsing,Z2lkOi8vaGFja2Vyb25lL1VzZXIvMjYxNDY2Mw==
50,ferdirianrk,1119,2162,123,5,6.81,24.0,individual,https://hackerone.com/ferdirianrk,Z2lkOi8vaGFja2Vyb25lL1VzZXIvMjMzMjMzOA==
51,lilroot,1089,,13,10,5.75,16.55,individual,https://hackerone.com/lilroot,Z2lkOi8vaGFja2Vyb25lL1VzZXIvMzAzNzc5Mg==
52,sourc7,1052,2271,37,8,6.68,18.16,individual,https://hackerone.com/sourc7,Z2lkOi8vaGFja2Vyb25lL1VzZXIvMTA5NDg1NQ==
53,cancerz,1049,2276,36,5,5.47,18.42,individual,https://hackerone.com/cancerz,Z2lkOi8vaGFja2Vyb25lL1VzZXIvODU3NjE2
54,shinzumx,1038,2297,16,17,5.5,18.29,individual,https://hackerone.com/shinzumx,Z2lkOi8vaGFja2Vyb25lL1VzZXIvMzIzNDg5Ng==
55,h1xploit,1018,2324,30,14,5.94,21.06,individual,https://hackerone.com/h1xploit,Z2lkOi8vaGFja2Vyb25lL1VzZXIvMjQzMDI5MA==
56,eneri,1010,2330,27,21,5.97,18.12,individual,https://hackerone.com/eneri,Z2lkOi8vaGFja2Vyb25lL1VzZXIvMjQ3MjMyOQ==
57,g0dzira,985,2369,29,21,6.42,18.94,individual,https://hackerone.com/g0dzira,Z2lkOi8vaGFja2Vyb25lL1VzZXIvNjc1Mzc1
58,ro_,962,2415,32,24,4.38,16.76,individual,https://hackerone.com/ro_,Z2lkOi8vaGFja2Vyb25lL1VzZXIvMTkwNzA3
59,revoulk,949,2429,23,21,6.66,15.0,individual,https://hackerone.com/revoulk,Z2lkOi8vaGFja2Vyb25lL1VzZXIvMjkwNDQwNw==
60,zerboa,925,2481,25,17,3.8,22.24,individual,https://hackerone.com/zerboa,Z2lkOi8vaGFja2Vyb25lL1VzZXIvMzAxOTI4
61,address_below0,917,2499,24,11,6.25,24.38,individual,https://hackerone.com/address_below0,Z2lkOi8vaGFja2Vyb25lL1VzZXIvMjM1MzMzMg==
62,ferdihermawan1337,917,2499,28,18,5.44,15.28,individual,https://hackerone.com/ferdihermawan1337,Z2lkOi8vaGFja2Vyb25lL1VzZXIvNjMzNDgy
63,timor_,916,2504,15,16,3.46,18.03,individual,https://hackerone.com/timor_,Z2lkOi8vaGFja2Vyb25lL1VzZXIvMTk4NDM3
64,randrly,883,2590,29,16,4.58,17.66,individual,https://hackerone.com/randrly,Z2lkOi8vaGFja2Vyb25lL1VzZXIvOTQwNTYx
65,wpanggoro,863,2635,17,5,5.84,20.0,individual,https://hackerone.com/wpanggoro,Z2lkOi8vaGFja2Vyb25lL1VzZXIvMzI5OTUyMg==
66,malagham,862,2638,96,33,5.59,20.0,individual,https://hackerone.com/malagham,Z2lkOi8vaGFja2Vyb25lL1VzZXIvMTU2MDUyNQ==
67,bs0xx,857,2658,24,10,6.61,17.26,individual,https://hackerone.com/bs0xx,Z2lkOi8vaGFja2Vyb25lL1VzZXIvMzE1NDU5Mg==
68,riodrwn,846,2678,49,26,7.0,23.57,individual,https://hackerone.com/riodrwn,Z2lkOi8vaGFja2Vyb25lL1VzZXIvMjU5OTMzNw==
69,rdzsp,830,2708,25,6,6.59,16.61,individual,https://hackerone.com/rdzsp,Z2lkOi8vaGFja2Vyb25lL1VzZXIvNjU0MTY4
70,xchopath,803,2766,28,8,7.0,24.64,individual,https://hackerone.com/xchopath,Z2lkOi8vaGFja2Vyb25lL1VzZXIvMjQwNTk3Mg==
71,n00bsec,793,2787,51,52,3.77,11.72,individual,https://hackerone.com/n00bsec,Z2lkOi8vaGFja2Vyb25lL1VzZXIvMTM0NTE3
72,jon_jos,711,3038,20,28,3.62,15.58,individual,https://hackerone.com/jon_jos,Z2lkOi8vaGFja2Vyb25lL1VzZXIvNzk0MzIx
73,reivalentino,701,3073,17,10,3.89,23.95,individual,https://hackerone.com/reivalentino,Z2lkOi8vaGFja2Vyb25lL1VzZXIvMzU1NDY4Nw==
74,g0wthr,678,3150,17,2,6.64,20.29,individual,https://hackerone.com/g0wthr,Z2lkOi8vaGFja2Vyb25lL1VzZXIvOTIzODA3
75,felcity,634,3300,29,27,6.27,13.2,individual,https://hackerone.com/felcity,Z2lkOi8vaGFja2Vyb25lL1VzZXIvMTExOTgzNw==
76,victimjugabro,628,,15,7,1.21,30.31,individual,https://hackerone.com/victimjugabro,Z2lkOi8vaGFja2Vyb25lL1VzZXIvMTMxNzgzMA==
77,agate_,627,3321,8,10,7.0,25.38,individual,https://hackerone.com/agate_,Z2lkOi8vaGFja2Vyb25lL1VzZXIvMzMzODMxNQ==
78,eltoruz,621,3351,8,7,6.48,20.83,individual,https://hackerone.com/eltoruz,Z2lkOi8vaGFja2Vyb25lL1VzZXIvMjk3MjkxNw==
79,nyxsorcerer,620,3356,12,7,7.0,28.93,individual,https://hackerone.com/nyxsorcerer,Z2lkOi8vaGFja2Vyb25lL1VzZXIvMTQ5NTYxNw==
80,kos0ng,608,3421,20,10,7.0,17.63,individual,https://hackerone.com/kos0ng,Z2lkOi8vaGFja2Vyb25lL1VzZXIvMTg1Njc2
81,syahrul_akbar_r,595,3485,16,13,3.35,24.38,individual,https://hackerone.com/syahrul_akbar_r,Z2lkOi8vaGFja2Vyb25lL1VzZXIvMTcxNzI4
82,yottt,595,3485,8,10,2.41,19.55,individual,https://hackerone.com/yottt,Z2lkOi8vaGFja2Vyb25lL1VzZXIvNDMxMzM0MQ==
83,satelitesarecool,590,3507,9,7,4.52,20.29,individual,https://hackerone.com/satelitesarecool,Z2lkOi8vaGFja2Vyb25lL1VzZXIvNDM4NTA2OA==
84,abejads,575,3579,12,16,7.0,26.43,individual,https://hackerone.com/abejads,Z2lkOi8vaGFja2Vyb25lL1VzZXIvODcxNDc4
85,rioncool22,574,3585,19,28,1.74,20.56,individual,https://hackerone.com/rioncool22,Z2lkOi8vaGFja2Vyb25lL1VzZXIvNTk4NjYz
86,dianeme_,559,3650,66,11,6.65,,individual,https://hackerone.com/dianeme_,Z2lkOi8vaGFja2Vyb25lL1VzZXIvMTA5NTE1NQ==
87,williamhanugra,548,3697,6,14,5.73,20.0,individual,https://hackerone.com/williamhanugra,Z2lkOi8vaGFja2Vyb25lL1VzZXIvMTE1MjA4
88,find_me_now,545,,14,6,6.25,20.94,individual,https://hackerone.com/find_me_now,Z2lkOi8vaGFja2Vyb25lL1VzZXIvMTYwNjcxNw==
89,pacenoge,536,3749,22,16,4.97,17.5,individual,https://hackerone.com/pacenoge,Z2lkOi8vaGFja2Vyb25lL1VzZXIvMTEyOTk1
90,wayc0de,532,3766,50,31,3.02,13.33,individual,https://hackerone.com/wayc0de,Z2lkOi8vaGFja2Vyb25lL1VzZXIvNDA3MjU=
91,femiii,529,,1,8,3.0,,individual,https://hackerone.com/femiii,Z2lkOi8vaGFja2Vyb25lL1VzZXIvMjk5Mjc3NA==
92,prkz,528,3781,20,4,7.0,14.74,individual,https://hackerone.com/prkz,Z2lkOi8vaGFja2Vyb25lL1VzZXIvMTU1NTQxNg==
93,crewmc,528,3781,15,5,5.56,19.38,individual,https://hackerone.com/crewmc,Z2lkOi8vaGFja2Vyb25lL1VzZXIvOTI2Nzky
94,tofla007,526,3790,14,11,3.28,19.41,individual,https://hackerone.com/tofla007,Z2lkOi8vaGFja2Vyb25lL1VzZXIvODU3NDUy
95,towasamamajitenshi,515,3843,5,9,6.29,17.19,individual,https://hackerone.com/towasamamajitenshi,Z2lkOi8vaGFja2Vyb25lL1VzZXIvMjAwMDIwOQ==
96,jkpz86,513,3852,13,3,7.0,26.67,individual,https://hackerone.com/jkpz86,Z2lkOi8vaGFja2Vyb25lL1VzZXIvMjEyMTAxOA==
97,argareksapatii,508,3887,11,14,2.88,18.75,individual,https://hackerone.com/argareksapatii,Z2lkOi8vaGFja2Vyb25lL1VzZXIvNDQwMjYwOA==
98,mrplufy,479,4061,14,10,4.0,15.67,individual,https://hackerone.com/mrplufy,Z2lkOi8vaGFja2Vyb25lL1VzZXIvMzIzMDQ3Nw==
99,papachicken,477,4068,6,8,7.0,23.33,individual,https://hackerone.com/papachicken,Z2lkOi8vaGFja2Vyb25lL1VzZXIvNDE0ODkxNA==
100,fariqfgi,465,4143,7,9,2.5,13.12,individual,https://hackerone.com/fariqfgi,Z2lkOi8vaGFja2Vyb25lL1VzZXIvMTQ5NTg3Nw==
101,mrardiansah,457,4210,11,12,6.33,15.0,individual,https://hackerone.com/mrardiansah,Z2lkOi8vaGFja2Vyb25lL1VzZXIvMjY5OTQ0Ng==
102,snvm,451,4253,14,20,5.67,20.0,individual,https://hackerone.com/snvm,Z2lkOi8vaGFja2Vyb25lL1VzZXIvMjYyMzY5Mg==
103,oyisam,431,4403,10,10,4.13,11.67,individual,https://hackerone.com/oyisam,Z2lkOi8vaGFja2Vyb25lL1VzZXIvMTAyMDY0Nw==
104,sh1ne,427,4439,9,4,7.0,14.67,individual,https://hackerone.com/sh1ne,Z2lkOi8vaGFja2Vyb25lL1VzZXIvMjk1NzQyMA==
105,foui,415,4529,4,2,7.0,32.5,individual,https://hackerone.com/foui,Z2lkOi8vaGFja2Vyb25lL1VzZXIvMjQ1MTIzMQ==
106,xterm19,403,4627,12,14,6.2,17.73,individual,https://hackerone.com/xterm19,Z2lkOi8vaGFja2Vyb25lL1VzZXIvMjY0NTc3Ng==
107,lamsyah,398,4675,23,9,5.76,18.33,individual,https://hackerone.com/lamsyah,Z2lkOi8vaGFja2Vyb25lL1VzZXIvNDg4MDYz
108,bolanid2,397,4686,10,5,5.59,20.0,individual,https://hackerone.com/bolanid2,Z2lkOi8vaGFja2Vyb25lL1VzZXIvMzU2NDU4Mg==
109,tanknight,391,4746,10,7,5.5,22.0,individual,https://hackerone.com/tanknight,Z2lkOi8vaGFja2Vyb25lL1VzZXIvMzMyOTA0NA==
110,n9rxxx,382,4819,8,8,1.32,23.0,individual,https://hackerone.com/n9rxxx,Z2lkOi8vaGFja2Vyb25lL1VzZXIvMjUzNTM2MQ==
111,0x666,380,4836,10,1,6.36,21.0,individual,https://hackerone.com/0x666,Z2lkOi8vaGFja2Vyb25lL1VzZXIvNTI0MjEz
112,codeslayer1337,379,4850,51,26,0.65,14.58,individual,https://hackerone.com/codeslayer1337,Z2lkOi8vaGFja2Vyb25lL1VzZXIvMTg1Nzc5
113,rflame,378,4861,16,19,,,individual,https://hackerone.com/rflame,Z2lkOi8vaGFja2Vyb25lL1VzZXIvMTMyODAwMw==
114,akwkao,376,4876,15,12,,,individual,https://hackerone.com/akwkao,Z2lkOi8vaGFja2Vyb25lL1VzZXIvMjU2NTk4OA==
115,privdarkside,374,4903,9,12,6.14,20.0,individual,https://hackerone.com/privdarkside,Z2lkOi8vaGFja2Vyb25lL1VzZXIvNDM4NjAyNA==
116,dotxml,372,4922,6,4,5.8,21.5,individual,https://hackerone.com/dotxml,Z2lkOi8vaGFja2Vyb25lL1VzZXIvMzA4MTQ5
117,khoyoko,369,4949,10,4,5.83,19.5,individual,https://hackerone.com/khoyoko,Z2lkOi8vaGFja2Vyb25lL1VzZXIvMTEwODA2OQ==
118,unknown4sec,367,4968,2,4,7.0,22.22,individual,https://hackerone.com/unknown4sec,Z2lkOi8vaGFja2Vyb25lL1VzZXIvMTkxODU5Nw==
119,tester092004,365,4989,10,10,2.19,13.64,individual,https://hackerone.com/tester092004,Z2lkOi8vaGFja2Vyb25lL1VzZXIvMzI1MDE5MA==
120,johanw,361,5026,6,18,5.48,21.0,individual,https://hackerone.com/johanw,Z2lkOi8vaGFja2Vyb25lL1VzZXIvMTg2NDQx
121,votr123,354,5109,9,9,4.24,23.75,individual,https://hackerone.com/votr123,Z2lkOi8vaGFja2Vyb25lL1VzZXIvNjAzNjAz
122,bigfoureyes,352,5125,9,10,3.8,17.73,individual,https://hackerone.com/bigfoureyes,Z2lkOi8vaGFja2Vyb25lL1VzZXIvMjYzNzAyNg==
123,rdnzx,349,5167,12,15,2.0,15.77,individual,https://hackerone.com/rdnzx,Z2lkOi8vaGFja2Vyb25lL1VzZXIvMTE4MDA5Mg==
124,c2b,344,5227,5,8,5.96,21.67,individual,https://hackerone.com/c2b,Z2lkOi8vaGFja2Vyb25lL1VzZXIvNDM0MDMzNg==
125,yatmaa,342,5255,8,5,6.14,13.18,individual,https://hackerone.com/yatmaa,Z2lkOi8vaGFja2Vyb25lL1VzZXIvMzM4MjcyNQ==
126,toukakirishima,327,5436,10,4,4.43,15.0,individual,https://hackerone.com/toukakirishima,Z2lkOi8vaGFja2Vyb25lL1VzZXIvMjEyNTA5OQ==
127,r1pu5u,324,5475,7,11,6.0,15.56,individual,https://hackerone.com/r1pu5u,Z2lkOi8vaGFja2Vyb25lL1VzZXIvOTk0MDc2
128,muhammadidriss,321,,1,4,-3.0,15.0,individual,https://hackerone.com/muhammadidriss,Z2lkOi8vaGFja2Vyb25lL1VzZXIvMjg5Mzk4Mg==
129,zkey0,318,5543,8,8,1.86,20.0,individual,https://hackerone.com/zkey0,Z2lkOi8vaGFja2Vyb25lL1VzZXIvMTQ5MDE1Mg==
130,xklepxn,303,5748,10,12,1.87,25.83,individual,https://hackerone.com/xklepxn,Z2lkOi8vaGFja2Vyb25lL1VzZXIvOTU2MjQ4
131,aydilfhr,298,5824,10,15,4.23,19.0,individual,https://hackerone.com/aydilfhr,Z2lkOi8vaGFja2Vyb25lL1VzZXIvMjEzMTA2MA==
132,quain,292,5915,8,8,-0.09,31.67,individual,https://hackerone.com/quain,Z2lkOi8vaGFja2Vyb25lL1VzZXIvMTE1OTc1Nw==
133,urinaori,291,5928,3,3,7.0,24.17,individual,https://hackerone.com/urinaori,Z2lkOi8vaGFja2Vyb25lL1VzZXIvMTI4MDg5Mw==
134,srcode,285,6034,10,7,6.2,11.25,individual,https://hackerone.com/srcode,Z2lkOi8vaGFja2Vyb25lL1VzZXIvMjQ5MDY4Nw==
135,pikpik,283,6064,19,30,3.13,7.5,individual,https://hackerone.com/pikpik,Z2lkOi8vaGFja2Vyb25lL1VzZXIvOTE3MzMz
136,v8k2xf,279,6136,5,1,3.4,31.0,individual,https://hackerone.com/v8k2xf,Z2lkOi8vaGFja2Vyb25lL1VzZXIvNDM2MTEwMQ==
137,mrdoel,274,6232,19,9,3.97,,individual,https://hackerone.com/mrdoel,Z2lkOi8vaGFja2Vyb25lL1VzZXIvNjExNTY=
138,rafipiun,272,6276,8,10,4.6,24.0,individual,https://hackerone.com/rafipiun,Z2lkOi8vaGFja2Vyb25lL1VzZXIvOTE2MjQx
139,tejo,265,6411,4,4,3.0,29.0,individual,https://hackerone.com/tejo,Z2lkOi8vaGFja2Vyb25lL1VzZXIvNTM3MDM=
140,adissahilna25,259,6560,0,2,,17.5,individual,https://hackerone.com/adissahilna25,Z2lkOi8vaGFja2Vyb25lL1VzZXIvMjk4MzgwMg==
141,borneosec,259,6560,1,4,3.7,20.83,individual,https://hackerone.com/borneosec,Z2lkOi8vaGFja2Vyb25lL1VzZXIvOTE0NDQ4
142,viperblitzz,258,6578,1,6,4.6,16.67,individual,https://hackerone.com/viperblitzz,Z2lkOi8vaGFja2Vyb25lL1VzZXIvMjU3MDgzOQ==
143,softwareguy,257,6598,2,5,5.0,24.0,individual,https://hackerone.com/softwareguy,Z2lkOi8vaGFja2Vyb25lL1VzZXIvNDEzNzQx
144,abritknight,257,6598,3,3,7.0,15.71,individual,https://hackerone.com/abritknight,Z2lkOi8vaGFja2Vyb25lL1VzZXIvNDMyMjk1OA==
145,medusa-btg,255,6642,5,1,7.0,24.0,individual,https://hackerone.com/medusa-btg,Z2lkOi8vaGFja2Vyb25lL1VzZXIvMjcyOTEyOA==
146,s4dmach1ne,253,6673,4,2,7.0,15.0,individual,https://hackerone.com/s4dmach1ne,Z2lkOi8vaGFja2Vyb25lL1VzZXIvMjk4MjI1OA==
147,halwkly,253,6673,2,3,4.6,15.0,individual,https://hackerone.com/halwkly,Z2lkOi8vaGFja2Vyb25lL1VzZXIvNDM1MzA2NQ==
148,alonesus,253,6673,0,6,,,individual,https://hackerone.com/alonesus,Z2lkOi8vaGFja2Vyb25lL1VzZXIvNDM2NjAwMQ==
149,bengsky,252,6692,3,2,0.38,29.0,individual,https://hackerone.com/bengsky,Z2lkOi8vaGFja2Vyb25lL1VzZXIvOTI1MDk5
150,ipin,251,6709,7,5,3.0,18.33,individual,https://hackerone.com/ipin,Z2lkOi8vaGFja2Vyb25lL1VzZXIvMTgxNzk4
151,trimatra-sec,248,6771,7,16,2.56,25.0,individual,https://hackerone.com/trimatra-sec,Z2lkOi8vaGFja2Vyb25lL1VzZXIvMzQ0OTMx
152,artmighty,242,6914,0,8,5.29,,individual,https://hackerone.com/artmighty,Z2lkOi8vaGFja2Vyb25lL1VzZXIvNDM4ODkyNQ==
153,stardot,242,6914,6,1,7.0,16.67,individual,https://hackerone.com/stardot,Z2lkOi8vaGFja2Vyb25lL1VzZXIvNTIzNTEy
154,darmo,241,6933,7,4,5.1,15.0,individual,https://hackerone.com/darmo,Z2lkOi8vaGFja2Vyb25lL1VzZXIvOTA3OTM4
155,securiben,238,6993,5,2,2.2,18.0,individual,https://hackerone.com/securiben,Z2lkOi8vaGFja2Vyb25lL1VzZXIvMjM5NTI3MA==
156,saello,238,6993,4,6,1.14,15.0,individual,https://hackerone.com/saello,Z2lkOi8vaGFja2Vyb25lL1VzZXIvMzAwODYzMA==
157,aliefis,237,7024,3,1,5.67,15.0,individual,https://hackerone.com/aliefis,Z2lkOi8vaGFja2Vyb25lL1VzZXIvMTU4ODg5NQ==
158,zhh,235,7081,9,20,-1.27,16.36,individual,https://hackerone.com/zhh,Z2lkOi8vaGFja2Vyb25lL1VzZXIvNzIzNzg0
159,phant0mc0der,230,7221,11,11,4.43,12.0,individual,https://hackerone.com/phant0mc0der,Z2lkOi8vaGFja2Vyb25lL1VzZXIvMzMxOTk=
160,aldi__satria,229,7252,7,5,5.5,15.0,individual,https://hackerone.com/aldi__satria,Z2lkOi8vaGFja2Vyb25lL1VzZXIvODk2NTc2
161,key8ice,227,7298,5,4,2.18,15.0,individual,https://hackerone.com/key8ice,Z2lkOi8vaGFja2Vyb25lL1VzZXIvMjM4MzcxMA==
162,0xrikiszk,225,7360,2,7,4.0,26.67,individual,https://hackerone.com/0xrikiszk,Z2lkOi8vaGFja2Vyb25lL1VzZXIvNDQ4NDk5NQ==
163,hikmahhusnuzon,224,7395,2,8,1.35,15.0,individual,https://hackerone.com/hikmahhusnuzon,Z2lkOi8vaGFja2Vyb25lL1VzZXIvMTcwMDczOQ==
164,k4rtyax,224,7395,2,3,5.0,30.0,individual,https://hackerone.com/k4rtyax,Z2lkOi8vaGFja2Vyb25lL1VzZXIvNDI1MjUzNw==
165,oshackx,220,7519,4,2,7.0,17.0,individual,https://hackerone.com/oshackx,Z2lkOi8vaGFja2Vyb25lL1VzZXIvMTIyMTM0OQ==
166,samyu,220,7519,0,3,7.0,17.0,individual,https://hackerone.com/samyu,Z2lkOi8vaGFja2Vyb25lL1VzZXIvNDM1NDQ5OQ==
167,m_ghazi_dz,218,7592,1,7,,,individual,https://hackerone.com/m_ghazi_dz,Z2lkOi8vaGFja2Vyb25lL1VzZXIvMjk5OTAzMw==
168,type5afe,218,7592,7,6,5.91,,individual,https://hackerone.com/type5afe,Z2lkOi8vaGFja2Vyb25lL1VzZXIvMzI5ODY4MA==
169,psfauzi,217,7634,5,10,3.0,15.0,individual,https://hackerone.com/psfauzi,Z2lkOi8vaGFja2Vyb25lL1VzZXIvMjU5MTA4
170,iwasday,217,7634,5,1,5.0,15.0,individual,https://hackerone.com/iwasday,Z2lkOi8vaGFja2Vyb25lL1VzZXIvMzE5NzU4Mw==
171,moch_azril,214,7725,2,1,3.0,,individual,https://hackerone.com/moch_azril,Z2lkOi8vaGFja2Vyb25lL1VzZXIvMzIyMDk4OQ==
172,xfatih,213,7817,2,1,,,individual,https://hackerone.com/xfatih,Z2lkOi8vaGFja2Vyb25lL1VzZXIvMjM5MzY2Mg==
173,zeesozee,211,7887,8,8,6.14,,individual,https://hackerone.com/zeesozee,Z2lkOi8vaGFja2Vyb25lL1VzZXIvMjMwMTQ3NQ==
174,hooh_tenan,211,7887,3,1,7.0,30.0,individual,https://hackerone.com/hooh_tenan,Z2lkOi8vaGFja2Vyb25lL1VzZXIvMjUzMTE3MA==
175,whackoxjacko,210,7935,1,4,2.2,33.33,individual,https://hackerone.com/whackoxjacko,Z2lkOi8vaGFja2Vyb25lL1VzZXIvMTYyNzgzNQ==
176,dawinite,209,7988,5,7,7.0,17.5,individual,https://hackerone.com/dawinite,Z2lkOi8vaGFja2Vyb25lL1VzZXIvMjYzODI3OQ==
177,ultramyofficial,204,8165,4,7,7.0,,individual,https://hackerone.com/ultramyofficial,Z2lkOi8vaGFja2Vyb25lL1VzZXIvMzM1NTM0MQ==
178,setiawan_,200,8318,4,3,1.86,14.17,individual,https://hackerone.com/setiawan_,Z2lkOi8vaGFja2Vyb25lL1VzZXIvMjMxMTc0Mg==
179,literallysleepy,200,8318,1,1,3.57,15.0,individual,https://hackerone.com/literallysleepy,Z2lkOi8vaGFja2Vyb25lL1VzZXIvNDUwNDE0Mw==
180,hafiizh26,199,8357,3,5,2.5,17.5,individual,https://hackerone.com/hafiizh26,Z2lkOi8vaGFja2Vyb25lL1VzZXIvMTEzODE5NQ==
181,rhyru9,199,8357,8,14,4.75,,individual,https://hackerone.com/rhyru9,Z2lkOi8vaGFja2Vyb25lL1VzZXIvMjg0NTQ2NQ==
182,rakabtw,198,8389,10,14,5.5,,individual,https://hackerone.com/rakabtw,Z2lkOi8vaGFja2Vyb25lL1VzZXIvMzAwNTYyMQ==
183,imatvy-claus,197,8451,1,5,1.11,17.0,individual,https://hackerone.com/imatvy-claus,Z2lkOi8vaGFja2Vyb25lL1VzZXIvNDI5NTI1NQ==
184,sigitsetiawansss,195,8538,4,2,2.5,15.0,individual,https://hackerone.com/sigitsetiawansss,Z2lkOi8vaGFja2Vyb25lL1VzZXIvMjMwNjkxOA==
185,baon007,195,8538,5,7,2.0,20.0,individual,https://hackerone.com/baon007,Z2lkOi8vaGFja2Vyb25lL1VzZXIvOTI1ODM3
186,ucuping,192,8661,2,4,-0.57,30.0,individual,https://hackerone.com/ucuping,Z2lkOi8vaGFja2Vyb25lL1VzZXIvMTE3ODk1OA==
187,hackmocrazy,192,8661,15,9,4.0,,individual,https://hackerone.com/hackmocrazy,Z2lkOi8vaGFja2Vyb25lL1VzZXIvMTEwMDE1Mg==
188,mrmj777,192,8661,5,4,1.15,15.0,individual,https://hackerone.com/mrmj777,Z2lkOi8vaGFja2Vyb25lL1VzZXIvNDIzOTI0
189,yuyudhn,192,8661,4,7,7.0,,individual,https://hackerone.com/yuyudhn,Z2lkOi8vaGFja2Vyb25lL1VzZXIvOTU4NjYz
190,renald0ttt,189,8789,4,5,4.0,15.0,individual,https://hackerone.com/renald0ttt,Z2lkOi8vaGFja2Vyb25lL1VzZXIvMjE0ODM1NQ==
191,rebelsec,185,9019,3,3,4.0,17.5,individual,https://hackerone.com/rebelsec,Z2lkOi8vaGFja2Vyb25lL1VzZXIvMjY2MTIwOA==
192,ninjamerah,183,9099,4,7,3.0,20.0,individual,https://hackerone.com/ninjamerah,Z2lkOi8vaGFja2Vyb25lL1VzZXIvMTUyMDE3Ng==
193,kobenienjoyer,182,9159,2,3,7.0,,individual,https://hackerone.com/kobenienjoyer,Z2lkOi8vaGFja2Vyb25lL1VzZXIvNjYyNTQ2
194,sambool,181,9208,3,1,4.0,21.67,individual,https://hackerone.com/sambool,Z2lkOi8vaGFja2Vyb25lL1VzZXIvNDMxODYwNg==
195,janganlupasholat,181,9208,2,3,5.64,,individual,https://hackerone.com/janganlupasholat,Z2lkOi8vaGFja2Vyb25lL1VzZXIvNzU0ODE4
196,kento911,180,9277,1,2,,,individual,https://hackerone.com/kento911,Z2lkOi8vaGFja2Vyb25lL1VzZXIvMzM5NzY4MA==
197,cyberspacex,179,9321,4,4,7.0,15.0,individual,https://hackerone.com/cyberspacex,Z2lkOi8vaGFja2Vyb25lL1VzZXIvMTg1Mzk1OQ==
198,reznv,178,9447,3,3,7.0,18.33,individual,https://hackerone.com/reznv,Z2lkOi8vaGFja2Vyb25lL1VzZXIvNDE4NDQwMg==
199,hellscorpion,177,,5,7,-1.67,15.0,individual,https://hackerone.com/hellscorpion,Z2lkOi8vaGFja2Vyb25lL1VzZXIvMjg1NTg1Mg==
200,xasa_sad234,176,,10,6,-2.25,17.73,individual,https://hackerone.com/xasa_sad234,Z2lkOi8vaGFja2Vyb25lL1VzZXIvMTE1OTM4Ng==
201,dwisiswant0,176,9553,6,11,0.86,,individual,https://hackerone.com/dwisiswant0,Z2lkOi8vaGFja2Vyb25lL1VzZXIvMTIyMzEzNQ==
202,arya_alfahrezy,176,9553,2,3,1.0,,individual,https://hackerone.com/arya_alfahrezy,Z2lkOi8vaGFja2Vyb25lL1VzZXIvMTM4NjQyNw==
203,rmrizki,176,9553,2,6,7.0,18.33,individual,https://hackerone.com/rmrizki,Z2lkOi8vaGFja2Vyb25lL1VzZXIvMjQ2NzQ5NQ==
204,demonhunter0x,176,9553,0,4,,,individual,https://hackerone.com/demonhunter0x,Z2lkOi8vaGFja2Vyb25lL1VzZXIvMzI4Mjk5OQ==
205,burningresolve,175,9637,8,4,5.8,,individual,https://hackerone.com/burningresolve,Z2lkOi8vaGFja2Vyb25lL1VzZXIvMjY4OTQ3NA==
206,yuuki403,174,9694,2,9,2.2,15.0,individual,https://hackerone.com/yuuki403,Z2lkOi8vaGFja2Vyb25lL1VzZXIvMTA4NTE2NQ==
207,sudiaman,174,9694,1,5,,15.0,individual,https://hackerone.com/sudiaman,Z2lkOi8vaGFja2Vyb25lL1VzZXIvMTQ5NzI0Mg==
208,samspl,174,9694,2,3,,15.0,individual,https://hackerone.com/samspl,Z2lkOi8vaGFja2Vyb25lL1VzZXIvMzMwODA3MQ==
209,null41,174,9694,0,2,3.0,,individual,https://hackerone.com/null41,Z2lkOi8vaGFja2Vyb25lL1VzZXIvNDQ0MTk0NA==
210,kurtjembuo12,173,9734,2,5,-0.12,13.33,individual,https://hackerone.com/kurtjembuo12,Z2lkOi8vaGFja2Vyb25lL1VzZXIvNTY2MTk1
211,sinarpagi,172,9789,3,7,4.0,15.0,individual,https://hackerone.com/sinarpagi,Z2lkOi8vaGFja2Vyb25lL1VzZXIvMTg5MjI0MA==
212,f0x48,172,9789,2,4,,,individual,https://hackerone.com/f0x48,Z2lkOi8vaGFja2Vyb25lL1VzZXIvNzY1OTE2
213,kustirama,171,9843,8,10,0.29,12.5,individual,https://hackerone.com/kustirama,Z2lkOi8vaGFja2Vyb25lL1VzZXIvNDk4NDgz
214,thund3r17,170,9900,3,4,-1.0,26.67,individual,https://hackerone.com/thund3r17,Z2lkOi8vaGFja2Vyb25lL1VzZXIvMTcxMDQxNQ==
215,vickyshptra,168,10009,2,3,1.0,15.0,individual,https://hackerone.com/vickyshptra,Z2lkOi8vaGFja2Vyb25lL1VzZXIvMTM2MjkxNw==
216,alexidilan11,168,10009,0,4,,,individual,https://hackerone.com/alexidilan11,Z2lkOi8vaGFja2Vyb25lL1VzZXIvMjc2MzQ2
217,kokurate,167,10097,5,5,7.0,,individual,https://hackerone.com/kokurate,Z2lkOi8vaGFja2Vyb25lL1VzZXIvMjkzMzM3MA==
218,sitakom,166,10139,5,7,0.62,12.5,individual,https://hackerone.com/sitakom,Z2lkOi8vaGFja2Vyb25lL1VzZXIvMTAyMDUw
219,deltapunk67,166,10139,0,1,7.0,15.0,individual,https://hackerone.com/deltapunk67,Z2lkOi8vaGFja2Vyb25lL1VzZXIvMjQ3MjAy
220,nxs,166,10139,3,2,7.0,15.0,individual,https://hackerone.com/nxs,Z2lkOi8vaGFja2Vyb25lL1VzZXIvMzE1OTEyNA==
221,rizakh,166,10139,2,3,4.2,15.0,individual,https://hackerone.com/rizakh,Z2lkOi8vaGFja2Vyb25lL1VzZXIvNzMyMzEy
222,thd3rboy,165,10288,4,3,1.0,18.33,individual,https://hackerone.com/thd3rboy,Z2lkOi8vaGFja2Vyb25lL1VzZXIvMTkyNzQ3Mw==
223,ertzeus,163,10497,2,2,,15.0,individual,https://hackerone.com/ertzeus,Z2lkOi8vaGFja2Vyb25lL1VzZXIvMzA1NDk0Mw==
224,daffailhamramadan,162,10569,2,4,4.67,,individual,https://hackerone.com/daffailhamramadan,Z2lkOi8vaGFja2Vyb25lL1VzZXIvOTQzNTU5
225,xnu71,161,10622,1,1,,,individual,https://hackerone.com/xnu71,Z2lkOi8vaGFja2Vyb25lL1VzZXIvMjU1NTY4MA==
226,razii,161,10622,1,2,4.67,,individual,https://hackerone.com/razii,Z2lkOi8vaGFja2Vyb25lL1VzZXIvNzk3MTk1
227,lilpeko,159,10786,2,6,7.0,,individual,https://hackerone.com/lilpeko,Z2lkOi8vaGFja2Vyb25lL1VzZXIvNDM3OTU4Mg==
228,idkwh1t,158,10968,2,3,1.83,15.0,individual,https://hackerone.com/idkwh1t,Z2lkOi8vaGFja2Vyb25lL1VzZXIvMTAyMTQ0NA==
229,sor44,158,10968,3,4,2.2,15.0,individual,https://hackerone.com/sor44,Z2lkOi8vaGFja2Vyb25lL1VzZXIvOTk3NTYz
230,ardyanv1ckyramadhan,157,11060,4,10,-1.26,13.12,individual,https://hackerone.com/ardyanv1ckyramadhan,Z2lkOi8vaGFja2Vyb25lL1VzZXIvMTMxMjAxOA==
231,viennna,157,11060,1,1,,,individual,https://hackerone.com/viennna,Z2lkOi8vaGFja2Vyb25lL1VzZXIvMjY2NzYxMg==
232,nungki,156,11788,2,3,3.0,15.0,individual,https://hackerone.com/nungki,Z2lkOi8vaGFja2Vyb25lL1VzZXIvMjI3NjQwMw==
233,cekidot,156,11788,0,1,,,individual,https://hackerone.com/cekidot,Z2lkOi8vaGFja2Vyb25lL1VzZXIvMzU5NTQ4NA==
234,benisprlh,156,,3,5,1.0,,individual,https://hackerone.com/benisprlh,Z2lkOi8vaGFja2Vyb25lL1VzZXIvMzkyNDYzNA==
235,harrmaharr,154,11965,2,1,,,individual,https://hackerone.com/harrmaharr,Z2lkOi8vaGFja2Vyb25lL1VzZXIvMjAwMDkxMg==
236,nervhym,154,11965,2,1,,,individual,https://hackerone.com/nervhym,Z2lkOi8vaGFja2Vyb25lL1VzZXIvMzA3NjUyNQ==
237,ansuh,152,12273,1,1,,,individual,https://hackerone.com/ansuh,Z2lkOi8vaGFja2Vyb25lL1VzZXIvMzAzNTUzNA==
238,spectrecyber,152,12273,1,4,1.0,,individual,https://hackerone.com/spectrecyber,Z2lkOi8vaGFja2Vyb25lL1VzZXIvMzE3NzQ4Mg==
239,hanzyiz,152,12273,1,1,,,individual,https://hackerone.com/hanzyiz,Z2lkOi8vaGFja2Vyb25lL1VzZXIvMzI4NDc4OQ==
240,zeropace,152,12273,1,1,,,individual,https://hackerone.com/zeropace,Z2lkOi8vaGFja2Vyb25lL1VzZXIvMzkxMzE0NQ==
241,xasx,152,12273,6,5,3.36,,individual,https://hackerone.com/xasx,Z2lkOi8vaGFja2Vyb25lL1VzZXIvNTM1Nzk5
242,dc61703fdbcd3f8331d3dc24078c01,151,,11,11,0.08,10.0,individual,https://hackerone.com/dc61703fdbcd3f8331d3dc24078c01,Z2lkOi8vaGFja2Vyb25lL1VzZXIvMTY4NjAxOA==
243,supermancyberjeff,150,12494,2,2,,,individual,https://hackerone.com/supermancyberjeff,Z2lkOi8vaGFja2Vyb25lL1VzZXIvMzAwNjU5Mg==
244,0xrohadi,149,12571,3,6,2.2,,individual,https://hackerone.com/0xrohadi,Z2lkOi8vaGFja2Vyb25lL1VzZXIvNTY2ODEz
245,supermancyberx,148,,2,1,,,individual,https://hackerone.com/supermancyberx,Z2lkOi8vaGFja2Vyb25lL1VzZXIvMjk4Njk1MA==
246,the_bossman,147,12762,5,10,7.0,,individual,https://hackerone.com/the_bossman,Z2lkOi8vaGFja2Vyb25lL1VzZXIvMTMxMjIwMA==
247,ryujinx,147,12762,2,3,-2.0,,individual,https://hackerone.com/ryujinx,Z2lkOi8vaGFja2Vyb25lL1VzZXIvNzQ4NjMy
248,supermancybers,146,,2,1,,,individual,https://hackerone.com/supermancybers,Z2lkOi8vaGFja2Vyb25lL1VzZXIvMzAzNzAxNg==
249,coinb8797,146,12855,2,1,2.8,,individual,https://hackerone.com/coinb8797,Z2lkOi8vaGFja2Vyb25lL1VzZXIvNjYyOTgy
250,madcane,145,12996,3,2,0.2,,individual,https://hackerone.com/madcane,Z2lkOi8vaGFja2Vyb25lL1VzZXIvMjIyNTU4NA==
251,rusmana0x16,145,12996,2,1,3.0,,individual,https://hackerone.com/rusmana0x16,Z2lkOi8vaGFja2Vyb25lL1VzZXIvMjU1NDU2Mg==
252,rezasahubawa,145,12996,9,6,-2.14,18.33,individual,https://hackerone.com/rezasahubawa,Z2lkOi8vaGFja2Vyb25lL1VzZXIvNjUzMjE0
253,dimasaprilian993,144,13060,5,6,-1.06,15.0,individual,https://hackerone.com/dimasaprilian993,Z2lkOi8vaGFja2Vyb25lL1VzZXIvMjM3MDU1
254,luckyday_89,144,13060,0,1,,,individual,https://hackerone.com/luckyday_89,Z2lkOi8vaGFja2Vyb25lL1VzZXIvMjk0MDM3NQ==
255,depapp,143,13469,3,2,7.0,,individual,https://hackerone.com/depapp,Z2lkOi8vaGFja2Vyb25lL1VzZXIvMzQwMTkyOQ==
256,sansozymandias,143,13469,4,2,7.0,,individual,https://hackerone.com/sansozymandias,Z2lkOi8vaGFja2Vyb25lL1VzZXIvNDE1NjMyMQ==
257,stinger22,142,13561,1,1,-2.0,,individual,https://hackerone.com/stinger22,Z2lkOi8vaGFja2Vyb25lL1VzZXIvMTI4ODYwOA==
258,sixluck,141,13664,3,4,4.0,,individual,https://hackerone.com/sixluck,Z2lkOi8vaGFja2Vyb25lL1VzZXIvMTg2NTcyNw==
259,lawbytes,141,13664,2,1,,,individual,https://hackerone.com/lawbytes,Z2lkOi8vaGFja2Vyb25lL1VzZXIvMjUwMDA0MQ==
260,supermancyber19,141,13664,2,1,3.0,,individual,https://hackerone.com/supermancyber19,Z2lkOi8vaGFja2Vyb25lL1VzZXIvMjk4MzMwMg==
261,harrmahar,141,13664,2,3,-1.22,,individual,https://hackerone.com/harrmahar,Z2lkOi8vaGFja2Vyb25lL1VzZXIvODI4ODc0
262,gibranal,139,13836,2,2,3.5,,individual,https://hackerone.com/gibranal,Z2lkOi8vaGFja2Vyb25lL1VzZXIvMTAwNzkwNg==
263,noer_hack,137,14150,3,6,0.17,,individual,https://hackerone.com/noer_hack,Z2lkOi8vaGFja2Vyb25lL1VzZXIvMTQ0NzIxNQ==
264,voize,136,14267,0,2,,,individual,https://hackerone.com/voize,Z2lkOi8vaGFja2Vyb25lL1VzZXIvMjEzMjc4Mw==
265,redspr,136,14267,0,2,,,individual,https://hackerone.com/redspr,Z2lkOi8vaGFja2Vyb25lL1VzZXIvNDQzNTY5Ng==
266,sp3c14l,135,14414,3,5,0.14,,individual,https://hackerone.com/sp3c14l,Z2lkOi8vaGFja2Vyb25lL1VzZXIvMTg5MDM3NA==
267,nxxxr,135,14414,1,5,,,individual,https://hackerone.com/nxxxr,Z2lkOi8vaGFja2Vyb25lL1VzZXIvMjU1MTQxOA==
268,ggromadon,134,14532,0,1,1.0,,individual,https://hackerone.com/ggromadon,Z2lkOi8vaGFja2Vyb25lL1VzZXIvMTI3NDQ5Nw==
269,benjamin_qa,134,14532,2,8,-1.09,20.0,individual,https://hackerone.com/benjamin_qa,Z2lkOi8vaGFja2Vyb25lL1VzZXIvMzM2NDg2OQ==
270,nio_c00l,134,14532,1,2,,,individual,https://hackerone.com/nio_c00l,Z2lkOi8vaGFja2Vyb25lL1VzZXIvNzY3OTA1
271,ernans,134,14532,2,3,1.0,,individual,https://hackerone.com/ernans,Z2lkOi8vaGFja2Vyb25lL1VzZXIvODE4NTMw
272,enumerat1,133,14777,2,3,,,individual,https://hackerone.com/enumerat1,Z2lkOi8vaGFja2Vyb25lL1VzZXIvNDQyOTIwOQ==
273,sitampan,133,14777,3,4,7.0,,individual,https://hackerone.com/sitampan,Z2lkOi8vaGFja2Vyb25lL1VzZXIvNjUxNTM4
274,0xzenko,132,14858,1,1,,,individual,https://hackerone.com/0xzenko,Z2lkOi8vaGFja2Vyb25lL1VzZXIvMTI0NDUwNQ==
275,maskirovka21,132,14858,2,8,7.0,,individual,https://hackerone.com/maskirovka21,Z2lkOi8vaGFja2Vyb25lL1VzZXIvMTQyNTc5OA==
276,adisatria,132,14858,1,1,,,individual,https://hackerone.com/adisatria,Z2lkOi8vaGFja2Vyb25lL1VzZXIvMjEzNTY2OQ==
277,ariestahrt,132,14858,1,1,,,individual,https://hackerone.com/ariestahrt,Z2lkOi8vaGFja2Vyb25lL1VzZXIvOTU0NzAx
278,rifeth,132,14858,1,1,,,individual,https://hackerone.com/rifeth,Z2lkOi8vaGFja2Vyb25lL1VzZXIvOTcwNDk2
279,qwerty3117,131,15910,2,2,,,individual,https://hackerone.com/qwerty3117,Z2lkOi8vaGFja2Vyb25lL1VzZXIvMjg5OTc3MQ==
280,anggipradana7,131,15910,2,6,0.8,,individual,https://hackerone.com/anggipradana7,Z2lkOi8vaGFja2Vyb25lL1VzZXIvOTQxOTY2
281,rootkiddo,129,16183,1,1,3.0,,individual,https://hackerone.com/rootkiddo,Z2lkOi8vaGFja2Vyb25lL1VzZXIvMzA0MTU1Mw==
282,squi7,129,16183,2,2,-0.2,,individual,https://hackerone.com/squi7,Z2lkOi8vaGFja2Vyb25lL1VzZXIvNDI1NjU4MA==
283,brainsec,129,16183,4,3,-0.2,,individual,https://hackerone.com/brainsec,Z2lkOi8vaGFja2Vyb25lL1VzZXIvOTMxMDQ4
284,faturochman13,128,16542,1,4,,,individual,https://hackerone.com/faturochman13,Z2lkOi8vaGFja2Vyb25lL1VzZXIvNDQzODIxOQ==
285,catge,128,16542,0,3,3.0,,individual,https://hackerone.com/catge,Z2lkOi8vaGFja2Vyb25lL1VzZXIvOTY4Mjgz
286,thehackermachine,127,,1,1,,,individual,https://hackerone.com/thehackermachine,Z2lkOi8vaGFja2Vyb25lL1VzZXIvMjIwOTA1MQ==
287,arwildo,127,16739,5,4,3.57,,individual,https://hackerone.com/arwildo,Z2lkOi8vaGFja2Vyb25lL1VzZXIvNjY1NTkw
288,gasfad01,126,16921,2,3,,,individual,https://hackerone.com/gasfad01,Z2lkOi8vaGFja2Vyb25lL1VzZXIvNDQwMjYw
289,pepenkkk,124,17249,0,2,,,individual,https://hackerone.com/pepenkkk,Z2lkOi8vaGFja2Vyb25lL1VzZXIvMzExMTMwNw==
290,bolanid98,124,,1,3,-1.0,,individual,https://hackerone.com/bolanid98,Z2lkOi8vaGFja2Vyb25lL1VzZXIvMzIwNjQzMw==
291,0xjester,124,17249,1,1,,,individual,https://hackerone.com/0xjester,Z2lkOi8vaGFja2Vyb25lL1VzZXIvMzM3OTYwNw==
292,ihsansky,124,17249,0,2,,,individual,https://hackerone.com/ihsansky,Z2lkOi8vaGFja2Vyb25lL1VzZXIvMzMyODUwMQ==
293,alpariamani,124,,0,2,,,individual,https://hackerone.com/alpariamani,Z2lkOi8vaGFja2Vyb25lL1VzZXIvNDA0MTQ0MQ==
294,ticorex,124,17249,0,2,,,individual,https://hackerone.com/ticorex,Z2lkOi8vaGFja2Vyb25lL1VzZXIvNDMzNzAzMw==
295,edmpl,124,17249,1,1,,,individual,https://hackerone.com/edmpl,Z2lkOi8vaGFja2Vyb25lL1VzZXIvNDU2MTk3
296,arieee,124,17249,1,2,,,individual,https://hackerone.com/arieee,Z2lkOi8vaGFja2Vyb25lL1VzZXIvOTk2MTg3
297,haaahaaahiihiiii,123,17736,2,3,7.0,,individual,https://hackerone.com/haaahaaahiihiiii,Z2lkOi8vaGFja2Vyb25lL1VzZXIvNDQ3MjI1NA==
298,mond4y,122,17890,1,1,,,individual,https://hackerone.com/mond4y,Z2lkOi8vaGFja2Vyb25lL1VzZXIvMTMxNDU2NQ==
299,krisnadi,122,17890,1,1,,,individual,https://hackerone.com/krisnadi,Z2lkOi8vaGFja2Vyb25lL1VzZXIvMTUwMTkzMA==
300,j1ngga156,122,17890,1,1,,,individual,https://hackerone.com/j1ngga156,Z2lkOi8vaGFja2Vyb25lL1VzZXIvMTUzMjY2NA==
301,secsoya,122,17890,1,1,,,individual,https://hackerone.com/secsoya,Z2lkOi8vaGFja2Vyb25lL1VzZXIvMTg5MTMzNA==
302,just1one,122,17890,1,1,,,individual,https://hackerone.com/just1one,Z2lkOi8vaGFja2Vyb25lL1VzZXIvMjQ5NDM0OQ==
303,passthebug1337,122,17890,1,1,,,individual,https://hackerone.com/passthebug1337,Z2lkOi8vaGFja2Vyb25lL1VzZXIvMjUwNDI0MQ==
304,subagjarobi,122,17890,0,1,,,individual,https://hackerone.com/subagjarobi,Z2lkOi8vaGFja2Vyb25lL1VzZXIvMjc4MDA1MQ==
305,ejzraa,122,17890,1,1,,,individual,https://hackerone.com/ejzraa,Z2lkOi8vaGFja2Vyb25lL1VzZXIvMjgyODg0NQ==
306,youngii,122,17890,0,1,,,individual,https://hackerone.com/youngii,Z2lkOi8vaGFja2Vyb25lL1VzZXIvMzA0Mzc5Mw==
307,ghostbump,122,17890,1,2,,,individual,https://hackerone.com/ghostbump,Z2lkOi8vaGFja2Vyb25lL1VzZXIvMzE2MDcyMA==
308,salieris,122,17890,0,1,,,individual,https://hackerone.com/salieris,Z2lkOi8vaGFja2Vyb25lL1VzZXIvMzI5NjUwNQ==
309,kevinjinsakai,122,17890,0,1,,,individual,https://hackerone.com/kevinjinsakai,Z2lkOi8vaGFja2Vyb25lL1VzZXIvMzM2MTA1NA==
310,aptroom,122,17890,1,1,,,individual,https://hackerone.com/aptroom,Z2lkOi8vaGFja2Vyb25lL1VzZXIvMzMyNDU2NA==
311,kaens,122,17890,1,1,,,individual,https://hackerone.com/kaens,Z2lkOi8vaGFja2Vyb25lL1VzZXIvMzQxMDg1MA==
312,waterme1on,122,17890,0,1,,,individual,https://hackerone.com/waterme1on,Z2lkOi8vaGFja2Vyb25lL1VzZXIvMzU3MTUyOA==
313,faxcel,122,17890,1,1,,,individual,https://hackerone.com/faxcel,Z2lkOi8vaGFja2Vyb25lL1VzZXIvMzY1MjEwNQ==
314,ekubo100,122,,1,1,,,individual,https://hackerone.com/ekubo100,Z2lkOi8vaGFja2Vyb25lL1VzZXIvMzk5Mjk3MQ==
315,the_bigfat_panda,122,17890,0,1,,,individual,https://hackerone.com/the_bigfat_panda,Z2lkOi8vaGFja2Vyb25lL1VzZXIvNDI0Mjk5Nw==
316,miraicantsleep,122,17890,0,1,,,individual,https://hackerone.com/miraicantsleep,Z2lkOi8vaGFja2Vyb25lL1VzZXIvNDI2NDc5Ng==
317,bocahcar,122,17890,0,1,,,individual,https://hackerone.com/bocahcar,Z2lkOi8vaGFja2Vyb25lL1VzZXIvNDIwMTc2Nw==
318,nopaldapa,122,17890,1,1,,,individual,https://hackerone.com/nopaldapa,Z2lkOi8vaGFja2Vyb25lL1VzZXIvNDM0MDU0MA==
319,hackerwan63,122,17890,1,1,,,individual,https://hackerone.com/hackerwan63,Z2lkOi8vaGFja2Vyb25lL1VzZXIvNDQ4NTgwMw==
320,w1th0ut,122,17890,6,8,2.0,,individual,https://hackerone.com/w1th0ut,Z2lkOi8vaGFja2Vyb25lL1VzZXIvNjQ5OTE1
321,scraido,122,17890,1,1,,,individual,https://hackerone.com/scraido,Z2lkOi8vaGFja2Vyb25lL1VzZXIvODA1ODg5
322,eibi,121,21108,1,4,-0.2,15.0,individual,https://hackerone.com/eibi,Z2lkOi8vaGFja2Vyb25lL1VzZXIvMjY3MTE4Mw==
323,hc275,121,21108,2,2,0.11,,individual,https://hackerone.com/hc275,Z2lkOi8vaGFja2Vyb25lL1VzZXIvNjcxMjc2
324,macawboy,119,21551,2,3,1.0,,individual,https://hackerone.com/macawboy,Z2lkOi8vaGFja2Vyb25lL1VzZXIvMjExNzY3MQ==
325,kgor,119,21551,1,2,,,individual,https://hackerone.com/kgor,Z2lkOi8vaGFja2Vyb25lL1VzZXIvMzM4NDM4NA==
326,verren,119,21551,1,1,-3.0,,individual,https://hackerone.com/verren,Z2lkOi8vaGFja2Vyb25lL1VzZXIvNDIwOTgzNw==
327,clack45,119,21551,1,2,-1.0,,individual,https://hackerone.com/clack45,Z2lkOi8vaGFja2Vyb25lL1VzZXIvNDQ0NzQxOA==
328,masteria,118,21820,2,1,,,individual,https://hackerone.com/masteria,Z2lkOi8vaGFja2Vyb25lL1VzZXIvMjQ0OTE5NQ==
329,owny777,118,21820,1,3,,,individual,https://hackerone.com/owny777,Z2lkOi8vaGFja2Vyb25lL1VzZXIvMzI0MzA2NA==
330,herdiyanitdev,118,21820,0,3,-5.0,,individual,https://hackerone.com/herdiyanitdev,Z2lkOi8vaGFja2Vyb25lL1VzZXIvNDI3ODc5Nw==
331,opic,117,21982,1,8,-1.0,15.0,individual,https://hackerone.com/opic,Z2lkOi8vaGFja2Vyb25lL1VzZXIvMjQ2NDMyMg==
332,newtmltch,117,,0,1,,,individual,https://hackerone.com/newtmltch,Z2lkOi8vaGFja2Vyb25lL1VzZXIvMzU4Njg4Mg==
333,bbsecure,117,21982,1,1,,,individual,https://hackerone.com/bbsecure,Z2lkOi8vaGFja2Vyb25lL1VzZXIvMzYwNDEzMQ==
334,paraee,117,21982,0,1,,,individual,https://hackerone.com/paraee,Z2lkOi8vaGFja2Vyb25lL1VzZXIvNDA5NzA4MQ==
335,otoyyy_h1,116,22760,1,2,-3.0,,individual,https://hackerone.com/otoyyy_h1,Z2lkOi8vaGFja2Vyb25lL1VzZXIvMTgwNDMzOA==
336,butirandebu1,116,22760,2,3,,,individual,https://hackerone.com/butirandebu1,Z2lkOi8vaGFja2Vyb25lL1VzZXIvMjUwNzg4MQ==
337,przts,116,22760,2,3,4.0,,individual,https://hackerone.com/przts,Z2lkOi8vaGFja2Vyb25lL1VzZXIvMjkxMTI2MA==
338,fazriansyahmr,116,,0,2,,,individual,https://hackerone.com/fazriansyahmr,Z2lkOi8vaGFja2Vyb25lL1VzZXIvMzE5ODI0OA==
339,nxcode,116,22760,1,2,1.0,,individual,https://hackerone.com/nxcode,Z2lkOi8vaGFja2Vyb25lL1VzZXIvMzEyNjkwMQ==
340,znoata0,115,23081,0,1,,,individual,https://hackerone.com/znoata0,Z2lkOi8vaGFja2Vyb25lL1VzZXIvNDAzMDUwMQ==
341,dennisid,114,23473,2,2,,,individual,https://hackerone.com/dennisid,Z2lkOi8vaGFja2Vyb25lL1VzZXIvMTM3NDg2NA==
342,amfaxspl,114,23473,2,3,-0.2,,individual,https://hackerone.com/amfaxspl,Z2lkOi8vaGFja2Vyb25lL1VzZXIvMTQ1Nzg4NA==
343,opdev,114,23473,2,2,3.0,,individual,https://hackerone.com/opdev,Z2lkOi8vaGFja2Vyb25lL1VzZXIvMjQ4MTI5Ng==
344,vexsec-ai,114,23473,1,2,,,business,https://hackerone.com/vexsec-ai,Z2lkOi8vaGFja2Vyb25lL1VzZXIvMjYyMzE5Mg==
345,newbiexzy,114,23473,1,2,,,individual,https://hackerone.com/newbiexzy,Z2lkOi8vaGFja2Vyb25lL1VzZXIvMjcwMDc5NQ==
346,mrizkykur,114,23473,1,1,,,individual,https://hackerone.com/mrizkykur,Z2lkOi8vaGFja2Vyb25lL1VzZXIvMzA2MDcyMw==
347,skysenz,114,23473,0,2,,,individual,https://hackerone.com/skysenz,Z2lkOi8vaGFja2Vyb25lL1VzZXIvNDA0MTUyMg==
348,twinxsec,114,23473,1,2,-1.0,,individual,https://hackerone.com/twinxsec,Z2lkOi8vaGFja2Vyb25lL1VzZXIvNDA0NzE2NA==
349,c0rvuz,113,24355,2,3,3.0,,individual,https://hackerone.com/c0rvuz,Z2lkOi8vaGFja2Vyb25lL1VzZXIvMzg2OTYxMQ==
350,noideanamed,112,,1,2,,,individual,https://hackerone.com/noideanamed,Z2lkOi8vaGFja2Vyb25lL1VzZXIvMjM1NTU1Ng==
351,tryhard-security,112,24501,0,1,,,individual,https://hackerone.com/tryhard-security,Z2lkOi8vaGFja2Vyb25lL1VzZXIvMjY3MDY2Ng==
352,rezajugabro,112,24501,0,1,-1.0,,individual,https://hackerone.com/rezajugabro,Z2lkOi8vaGFja2Vyb25lL1VzZXIvMzA5Mzg1OQ==
353,zx07,112,24501,0,1,,,individual,https://hackerone.com/zx07,Z2lkOi8vaGFja2Vyb25lL1VzZXIvMzAxNTcyNA==
354,tuyul98,112,24501,1,1,-1.0,,individual,https://hackerone.com/tuyul98,Z2lkOi8vaGFja2Vyb25lL1VzZXIvMzM4ODI0OA==
355,twseptian,112,24501,0,1,-1.0,,individual,https://hackerone.com/twseptian,Z2lkOi8vaGFja2Vyb25lL1VzZXIvNzQ0MTQ1
356,hadeshaxorrrr,111,24852,1,3,-1.0,,individual,https://hackerone.com/hadeshaxorrrr,Z2lkOi8vaGFja2Vyb25lL1VzZXIvMTM1NDkxNQ==
357,cochobar,110,25135,0,1,,,individual,https://hackerone.com/cochobar,Z2lkOi8vaGFja2Vyb25lL1VzZXIvMzAwNTEwMA==
358,tinocs,110,25135,0,2,,,individual,https://hackerone.com/tinocs,Z2lkOi8vaGFja2Vyb25lL1VzZXIvMzQ3ODU4NQ==
359,z1x_,110,25135,1,5,-1.57,,individual,https://hackerone.com/z1x_,Z2lkOi8vaGFja2Vyb25lL1VzZXIvMzczOTMyOA==
360,putriayudia,110,25135,3,5,1.0,,individual,https://hackerone.com/putriayudia,Z2lkOi8vaGFja2Vyb25lL1VzZXIvNjU0MjMy
361,imagodei,109,25284,2,1,2.25,,individual,https://hackerone.com/imagodei,Z2lkOi8vaGFja2Vyb25lL1VzZXIvMTcwMzg5
362,petruknisme,109,25284,1,2,-0.5,,individual,https://hackerone.com/petruknisme,Z2lkOi8vaGFja2Vyb25lL1VzZXIvMTg2NzI5
363,pendekarcyber,109,25284,0,2,,,individual,https://hackerone.com/pendekarcyber,Z2lkOi8vaGFja2Vyb25lL1VzZXIvMzIyNDI2Ng==
364,raefan,109,25284,0,2,-5.0,,individual,https://hackerone.com/raefan,Z2lkOi8vaGFja2Vyb25lL1VzZXIvMzQ5MTYwNg==
365,lindan_id,109,25284,2,1,3.0,,individual,https://hackerone.com/lindan_id,Z2lkOi8vaGFja2Vyb25lL1VzZXIvMzYxODExMg==
366,nxxnxx,109,25284,1,1,,,individual,https://hackerone.com/nxxnxx,Z2lkOi8vaGFja2Vyb25lL1VzZXIvNDM4NTY1MA==
367,ryeej,109,25284,0,2,,,individual,https://hackerone.com/ryeej,Z2lkOi8vaGFja2Vyb25lL1VzZXIvNDM5OTA4Nw==
368,mandexx,109,25284,0,1,,,individual,https://hackerone.com/mandexx,Z2lkOi8vaGFja2Vyb25lL1VzZXIvNjA0MDU2
369,jodyritz,108,26048,0,1,,,individual,https://hackerone.com/jodyritz,Z2lkOi8vaGFja2Vyb25lL1VzZXIvMjMwNTA4Nw==
370,hexa34,108,26048,4,3,1.86,,individual,https://hackerone.com/hexa34,Z2lkOi8vaGFja2Vyb25lL1VzZXIvNDM2MDg2NA==
371,binkyy,107,26173,0,2,,,individual,https://hackerone.com/binkyy,Z2lkOi8vaGFja2Vyb25lL1VzZXIvMTQ0MjYyOQ==
372,mando_22x,107,26173,1,1,,,individual,https://hackerone.com/mando_22x,Z2lkOi8vaGFja2Vyb25lL1VzZXIvMTQ2NzA3NQ==
373,rperdana,107,26173,1,2,,,individual,https://hackerone.com/rperdana,Z2lkOi8vaGFja2Vyb25lL1VzZXIvMTgwNjI0NQ==
374,termireum_,107,26173,1,2,-2.0,,individual,https://hackerone.com/termireum_,Z2lkOi8vaGFja2Vyb25lL1VzZXIvMjEwMjk2Nw==
375,fauzanwijaya,107,26173,1,1,,,individual,https://hackerone.com/fauzanwijaya,Z2lkOi8vaGFja2Vyb25lL1VzZXIvMjEyNjg3MQ==
376,adhen,107,26173,1,1,,,individual,https://hackerone.com/adhen,Z2lkOi8vaGFja2Vyb25lL1VzZXIvMjY3ODI4NQ==
377,dukunhaxan8,107,26173,1,2,,,individual,https://hackerone.com/dukunhaxan8,Z2lkOi8vaGFja2Vyb25lL1VzZXIvMjYxODY2OQ==
378,balengbambu,107,26173,1,1,-2.0,,individual,https://hackerone.com/balengbambu,Z2lkOi8vaGFja2Vyb25lL1VzZXIvMjg0NTMxMg==
379,ch1ron,107,26173,1,1,,,individual,https://hackerone.com/ch1ron,Z2lkOi8vaGFja2Vyb25lL1VzZXIvMjkyODI1NA==
380,exexex,107,26173,1,1,,,individual,https://hackerone.com/exexex,Z2lkOi8vaGFja2Vyb25lL1VzZXIvMzE4ODQ0OQ==
381,thund3rcloud,107,,0,4,,,individual,https://hackerone.com/thund3rcloud,Z2lkOi8vaGFja2Vyb25lL1VzZXIvMzI2OTA5Mg==
382,robzlabz,107,26173,1,1,,,individual,https://hackerone.com/robzlabz,Z2lkOi8vaGFja2Vyb25lL1VzZXIvMzI3Nzk4Mw==
383,v3l0,107,26173,0,1,,,individual,https://hackerone.com/v3l0,Z2lkOi8vaGFja2Vyb25lL1VzZXIvMzM1MTc0OA==
384,primeonme,107,26173,1,1,,,individual,https://hackerone.com/primeonme,Z2lkOi8vaGFja2Vyb25lL1VzZXIvMzMwMjczOQ==
385,gieszcha,107,26173,1,1,,,individual,https://hackerone.com/gieszcha,Z2lkOi8vaGFja2Vyb25lL1VzZXIvMzMzMjYwNA==
386,defnilay,107,26173,0,1,,,individual,https://hackerone.com/defnilay,Z2lkOi8vaGFja2Vyb25lL1VzZXIvMzQ3NTQwOA==
387,s4tva,107,26173,1,1,,,individual,https://hackerone.com/s4tva,Z2lkOi8vaGFja2Vyb25lL1VzZXIvMzQ4MzY5Mw==
388,k1llusec010,107,26173,1,1,,,individual,https://hackerone.com/k1llusec010,Z2lkOi8vaGFja2Vyb25lL1VzZXIvMzU2MTI0Mg==
389,whozhever00,107,26173,1,1,,,individual,https://hackerone.com/whozhever00,Z2lkOi8vaGFja2Vyb25lL1VzZXIvMzY2NzQxNw==
390,amnikrov,107,26173,1,1,,,individual,https://hackerone.com/amnikrov,Z2lkOi8vaGFja2Vyb25lL1VzZXIvMzY4MjAxMQ==
391,v3ll0,107,26173,1,1,,,individual,https://hackerone.com/v3ll0,Z2lkOi8vaGFja2Vyb25lL1VzZXIvNDE3NzAyOQ==
392,justluckids,107,26173,0,1,-2.67,,individual,https://hackerone.com/justluckids,Z2lkOi8vaGFja2Vyb25lL1VzZXIvNDI0NDcyNg==
393,ery_404,107,26173,1,1,,,individual,https://hackerone.com/ery_404,Z2lkOi8vaGFja2Vyb25lL1VzZXIvNDI3MDk0Mg==
394,stvj,107,26173,1,1,-3.0,,individual,https://hackerone.com/stvj,Z2lkOi8vaGFja2Vyb25lL1VzZXIvNDI5NDcxNg==
395,jefflanzz,107,26173,1,1,-2.0,,individual,https://hackerone.com/jefflanzz,Z2lkOi8vaGFja2Vyb25lL1VzZXIvNDI5OTUyMA==
396,realzzy77,107,26173,1,2,,,individual,https://hackerone.com/realzzy77,Z2lkOi8vaGFja2Vyb25lL1VzZXIvNDIwMjg2Mg==
397,santstyle,107,26173,0,1,,,individual,https://hackerone.com/santstyle,Z2lkOi8vaGFja2Vyb25lL1VzZXIvNDQ5MjE2Nw==
398,ardhani,107,26173,1,1,,,individual,https://hackerone.com/ardhani,Z2lkOi8vaGFja2Vyb25lL1VzZXIvNTA2MzMz
399,khatulistiwa,107,26173,1,1,,,individual,https://hackerone.com/khatulistiwa,Z2lkOi8vaGFja2Vyb25lL1VzZXIvNjA2Mzc0
400,faronaa_,106,30964,0,3,,,individual,https://hackerone.com/faronaa_,Z2lkOi8vaGFja2Vyb25lL1VzZXIvMTM3NzA0MQ==
401,irfan7,106,30964,1,3,,,individual,https://hackerone.com/irfan7,Z2lkOi8vaGFja2Vyb25lL1VzZXIvMTQ1OTk3Ng==
402,fer1bytex0,106,30964,1,4,,,individual,https://hackerone.com/fer1bytex0,Z2lkOi8vaGFja2Vyb25lL1VzZXIvMTYwMDgzNg==
403,blubluuu,105,31271,2,4,-1.0,,individual,https://hackerone.com/blubluuu,Z2lkOi8vaGFja2Vyb25lL1VzZXIvMTE3NzY3NA==
404,aaezakmii,105,,0,2,,,individual,https://hackerone.com/aaezakmii,Z2lkOi8vaGFja2Vyb25lL1VzZXIvMjkxMzUxOQ==
405,wildhan0708,104,31350,0,1,,,individual,https://hackerone.com/wildhan0708,Z2lkOi8vaGFja2Vyb25lL1VzZXIvMzA2MDkxMA==
406,feitan13,104,31350,1,2,-3.29,,individual,https://hackerone.com/feitan13,Z2lkOi8vaGFja2Vyb25lL1VzZXIvMzE5ODk1Ng==
407,reyra,104,31350,0,2,,,individual,https://hackerone.com/reyra,Z2lkOi8vaGFja2Vyb25lL1VzZXIvMzI2NDMyNg==
408,korip,104,31350,1,2,,,individual,https://hackerone.com/korip,Z2lkOi8vaGFja2Vyb25lL1VzZXIvMzIwODgxMQ==
409,corvuzsec,104,31350,0,2,3.0,,individual,https://hackerone.com/corvuzsec,Z2lkOi8vaGFja2Vyb25lL1VzZXIvMzMzODI0MQ==
410,luckykiddos,104,31350,0,2,-2.0,,individual,https://hackerone.com/luckykiddos,Z2lkOi8vaGFja2Vyb25lL1VzZXIvMzQ0NDIwNw==
411,mrbadai,104,31350,0,2,,,individual,https://hackerone.com/mrbadai,Z2lkOi8vaGFja2Vyb25lL1VzZXIvNDA4NTE1MQ==
412,rajaculaemas,104,31350,0,1,,,individual,https://hackerone.com/rajaculaemas,Z2lkOi8vaGFja2Vyb25lL1VzZXIvNDAzODE4MQ==
413,gembelelite,104,31350,0,1,,,individual,https://hackerone.com/gembelelite,Z2lkOi8vaGFja2Vyb25lL1VzZXIvNDEzNTg3Mw==
414,deepcodex,104,31350,1,2,,,individual,https://hackerone.com/deepcodex,Z2lkOi8vaGFja2Vyb25lL1VzZXIvNDM2MzUyMw==
415,syhbt,104,31350,0,2,,,individual,https://hackerone.com/syhbt,Z2lkOi8vaGFja2Vyb25lL1VzZXIvNjE3MzM2
416,syncr0ne_1337,104,31350,0,2,,,individual,https://hackerone.com/syncr0ne_1337,Z2lkOi8vaGFja2Vyb25lL1VzZXIvNjUyNTA2
417,h3rtz,103,32230,2,3,-0.2,,individual,https://hackerone.com/h3rtz,Z2lkOi8vaGFja2Vyb25lL1VzZXIvMjQyNTEzMg==
418,santiko1986,103,32230,6,7,-2.5,18.33,individual,https://hackerone.com/santiko1986,Z2lkOi8vaGFja2Vyb25lL1VzZXIvMjYyODAxMw==
419,yozu-8,102,32329,0,1,,,individual,https://hackerone.com/yozu-8,Z2lkOi8vaGFja2Vyb25lL1VzZXIvMTEyMTk0NQ==
420,hansdiks157,102,32329,0,1,,,individual,https://hackerone.com/hansdiks157,Z2lkOi8vaGFja2Vyb25lL1VzZXIvMTI5NjQ1Mg==
421,dinosunday18,102,32329,1,1,,,individual,https://hackerone.com/dinosunday18,Z2lkOi8vaGFja2Vyb25lL1VzZXIvMTM4MDY5Ng==
422,xecureyan,102,32329,0,1,,,individual,https://hackerone.com/xecureyan,Z2lkOi8vaGFja2Vyb25lL1VzZXIvMTMyMTUwNQ==
423,an0nvi,102,32329,0,1,,,individual,https://hackerone.com/an0nvi,Z2lkOi8vaGFja2Vyb25lL1VzZXIvMTMyMjA0Mw==
424,emhabee,102,32329,0,1,,,individual,https://hackerone.com/emhabee,Z2lkOi8vaGFja2Vyb25lL1VzZXIvMTUwMzEyMA==
425,andikafransisco,102,32329,0,1,,,individual,https://hackerone.com/andikafransisco,Z2lkOi8vaGFja2Vyb25lL1VzZXIvMTYzMDAwMA==
426,bengsky13,102,32329,0,1,,,individual,https://hackerone.com/bengsky13,Z2lkOi8vaGFja2Vyb25lL1VzZXIvMTg0NDkxOQ==
427,hadesshade,102,32329,0,1,,,individual,https://hackerone.com/hadesshade,Z2lkOi8vaGFja2Vyb25lL1VzZXIvMTgxOTIxNw==
428,jarph1sh,102,32329,1,1,0.67,,individual,https://hackerone.com/jarph1sh,Z2lkOi8vaGFja2Vyb25lL1VzZXIvMjI4NjY0
429,lordim,102,32329,1,1,,,individual,https://hackerone.com/lordim,Z2lkOi8vaGFja2Vyb25lL1VzZXIvMjIxMjA0NQ==
430,h3d4s,102,32329,1,2,,,individual,https://hackerone.com/h3d4s,Z2lkOi8vaGFja2Vyb25lL1VzZXIvMjM3MzM4MA==
431,kelazking,102,32329,0,1,,,individual,https://hackerone.com/kelazking,Z2lkOi8vaGFja2Vyb25lL1VzZXIvMjQ2NDAxNg==
432,generalid,102,32329,1,1,,,individual,https://hackerone.com/generalid,Z2lkOi8vaGFja2Vyb25lL1VzZXIvMjQ5MDE2NQ==
433,tukangscan,102,32329,0,1,,,individual,https://hackerone.com/tukangscan,Z2lkOi8vaGFja2Vyb25lL1VzZXIvMjY1NDkx
434,avvesome,102,32329,0,1,,,individual,https://hackerone.com/avvesome,Z2lkOi8vaGFja2Vyb25lL1VzZXIvMjYyNTA0MQ==
435,zer0id,102,32329,0,1,,,individual,https://hackerone.com/zer0id,Z2lkOi8vaGFja2Vyb25lL1VzZXIvMjc5NDQxNA==
436,rushkhy404,102,32329,1,1,-3.25,,individual,https://hackerone.com/rushkhy404,Z2lkOi8vaGFja2Vyb25lL1VzZXIvMjg5MTMxMg==
437,mugiwaranon00b,102,32329,0,1,,,individual,https://hackerone.com/mugiwaranon00b,Z2lkOi8vaGFja2Vyb25lL1VzZXIvMzA1NDQ1Nw==
438,legesya,102,32329,0,1,,,individual,https://hackerone.com/legesya,Z2lkOi8vaGFja2Vyb25lL1VzZXIvMzAwNDg2NA==
439,braincore,102,32329,0,1,,,individual,https://hackerone.com/braincore,Z2lkOi8vaGFja2Vyb25lL1VzZXIvMzE4MzYwMg==
440,geryyy,102,32329,0,1,,,individual,https://hackerone.com/geryyy,Z2lkOi8vaGFja2Vyb25lL1VzZXIvMzI5MzU4MA==
441,baraya033,102,32329,0,2,,,individual,https://hackerone.com/baraya033,Z2lkOi8vaGFja2Vyb25lL1VzZXIvMzIxOTQ4
442,sinzooxp,102,32329,0,1,,,individual,https://hackerone.com/sinzooxp,Z2lkOi8vaGFja2Vyb25lL1VzZXIvMzMwNzQ5OQ==
443,archelote,102,32329,0,1,,,individual,https://hackerone.com/archelote,Z2lkOi8vaGFja2Vyb25lL1VzZXIvMzMxOTY1Mw==
444,hshsj_shsh,102,32329,0,1,,,individual,https://hackerone.com/hshsj_shsh,Z2lkOi8vaGFja2Vyb25lL1VzZXIvMzQ3MDIyMw==
445,danil556,102,32329,0,1,,,individual,https://hackerone.com/danil556,Z2lkOi8vaGFja2Vyb25lL1VzZXIvMzQyNjgy
446,chunsky,102,32329,1,1,-2.0,,individual,https://hackerone.com/chunsky,Z2lkOi8vaGFja2Vyb25lL1VzZXIvMzU0Nzg4Mw==
447,blakravat,102,32329,0,1,,,individual,https://hackerone.com/blakravat,Z2lkOi8vaGFja2Vyb25lL1VzZXIvMzUwMDAzNg==
448,0xfix,102,32329,0,1,,,individual,https://hackerone.com/0xfix,Z2lkOi8vaGFja2Vyb25lL1VzZXIvMzY0ODAw
449,cybervan,102,32329,0,1,,,individual,https://hackerone.com/cybervan,Z2lkOi8vaGFja2Vyb25lL1VzZXIvMzg5MDAzNQ==
450,z3cux,102,32329,0,1,,,individual,https://hackerone.com/z3cux,Z2lkOi8vaGFja2Vyb25lL1VzZXIvNDAwODQ4MQ==
451,neabyte,102,32329,0,1,,,individual,https://hackerone.com/neabyte,Z2lkOi8vaGFja2Vyb25lL1VzZXIvNDE1NzM1MA==
452,adenoviardian,102,32329,0,1,,,individual,https://hackerone.com/adenoviardian,Z2lkOi8vaGFja2Vyb25lL1VzZXIvNDI1NDE4Nw==
453,nazariosafariesqi,102,32329,1,1,,,individual,https://hackerone.com/nazariosafariesqi,Z2lkOi8vaGFja2Vyb25lL1VzZXIvNDI3Nzg5Nw==
454,mfs1337,102,32329,0,1,,,individual,https://hackerone.com/mfs1337,Z2lkOi8vaGFja2Vyb25lL1VzZXIvNDIwMDE5OA==
455,6e6f787861,102,32329,0,1,,,individual,https://hackerone.com/6e6f787861,Z2lkOi8vaGFja2Vyb25lL1VzZXIvNDIyMjYyMg==
456,alierektz,102,32329,0,1,,,individual,https://hackerone.com/alierektz,Z2lkOi8vaGFja2Vyb25lL1VzZXIvNDM1MDE5Nw==
457,f1shcod,102,32329,0,1,,,individual,https://hackerone.com/f1shcod,Z2lkOi8vaGFja2Vyb25lL1VzZXIvNDM1MTkzNg==
458,sr01,102,32329,1,1,,,individual,https://hackerone.com/sr01,Z2lkOi8vaGFja2Vyb25lL1VzZXIvNDMwMDY4Ng==
459,cberetta,102,32329,0,0,,,individual,https://hackerone.com/cberetta,Z2lkOi8vaGFja2Vyb25lL1VzZXIvNDMwMDgwOQ==
460,gethuk,102,32329,0,1,,,individual,https://hackerone.com/gethuk,Z2lkOi8vaGFja2Vyb25lL1VzZXIvNDMyNzU0
461,ramafkri,102,32329,0,1,,,individual,https://hackerone.com/ramafkri,Z2lkOi8vaGFja2Vyb25lL1VzZXIvNDU0OTM2Mw==
462,kretozs,102,32329,0,1,,,individual,https://hackerone.com/kretozs,Z2lkOi8vaGFja2Vyb25lL1VzZXIvNDUxODI3OQ==
463,ebonx,102,32329,1,0,,,individual,https://hackerone.com/ebonx,Z2lkOi8vaGFja2Vyb25lL1VzZXIvNTEzNDI1
464,xcore13x,102,32329,0,1,,,individual,https://hackerone.com/xcore13x,Z2lkOi8vaGFja2Vyb25lL1VzZXIvNTY0ODg1
465,lcr999x,102,32329,1,1,,,individual,https://hackerone.com/lcr999x,Z2lkOi8vaGFja2Vyb25lL1VzZXIvNjY4MzMy
466,arf224,102,32329,0,1,,,individual,https://hackerone.com/arf224,Z2lkOi8vaGFja2Vyb25lL1VzZXIvNzUxNTM0
467,d4rkd,102,32329,0,1,,,individual,https://hackerone.com/d4rkd,Z2lkOi8vaGFja2Vyb25lL1VzZXIvODY3MTc2
468,khs1n,102,32329,0,1,,,individual,https://hackerone.com/khs1n,Z2lkOi8vaGFja2Vyb25lL1VzZXIvODkzNzQ4
469,ghroot67,102,32329,0,1,,,individual,https://hackerone.com/ghroot67,Z2lkOi8vaGFja2Vyb25lL1VzZXIvOTE4NDA2
470,alfi21s,102,32329,1,1,,,individual,https://hackerone.com/alfi21s,Z2lkOi8vaGFja2Vyb25lL1VzZXIvOTQ5MDM1
471,tuzki666,102,32329,0,1,,,individual,https://hackerone.com/tuzki666,Z2lkOi8vaGFja2Vyb25lL1VzZXIvOTY2OTIz
472,c4kc0k,102,32329,0,1,,,individual,https://hackerone.com/c4kc0k,Z2lkOi8vaGFja2Vyb25lL1VzZXIvOTY5MTY2
473,fakhricrd,101,37687,3,3,1.0,,individual,https://hackerone.com/fakhricrd,Z2lkOi8vaGFja2Vyb25lL1VzZXIvMjExMjgyOQ==
474,family_bachtiar101,101,37687,1,4,-3.4,18.33,individual,https://hackerone.com/family_bachtiar101,Z2lkOi8vaGFja2Vyb25lL1VzZXIvMjYxNjM3NA==
475,bexovoris,101,37687,1,2,-1.0,,individual,https://hackerone.com/bexovoris,Z2lkOi8vaGFja2Vyb25lL1VzZXIvMjc0NTE3Mg==
476,kac0,101,37687,1,3,-1.0,,individual,https://hackerone.com/kac0,Z2lkOi8vaGFja2Vyb25lL1VzZXIvMjgwMzEwNQ==
477,luxwhisky,100,38229,0,0,,,individual,https://hackerone.com/luxwhisky,Z2lkOi8vaGFja2Vyb25lL1VzZXIvMTA4NTQ3Mg==
478,m0nkeyt3ch,100,38229,0,0,,,individual,https://hackerone.com/m0nkeyt3ch,Z2lkOi8vaGFja2Vyb25lL1VzZXIvMTI0MDM0Ng==
479,b3njaminz,100,38229,0,0,,,individual,https://hackerone.com/b3njaminz,Z2lkOi8vaGFja2Vyb25lL1VzZXIvMTI4MTYwOA==
480,sunday1337,100,38229,0,0,,,individual,https://hackerone.com/sunday1337,Z2lkOi8vaGFja2Vyb25lL1VzZXIvMTI5ODI4Mw==
481,ahm_ul,100,38229,0,0,,,individual,https://hackerone.com/ahm_ul,Z2lkOi8vaGFja2Vyb25lL1VzZXIvMTIzNDMxMA==
482,hadyangans,100,38229,0,0,,,individual,https://hackerone.com/hadyangans,Z2lkOi8vaGFja2Vyb25lL1VzZXIvMTM3NjUzMA==
483,rohmatariow,100,38229,0,0,,,individual,https://hackerone.com/rohmatariow,Z2lkOi8vaGFja2Vyb25lL1VzZXIvMTMwODMxMQ==
484,abal_xpost,100,38229,0,0,,,individual,https://hackerone.com/abal_xpost,Z2lkOi8vaGFja2Vyb25lL1VzZXIvMTMyMDkzMw==
485,thx1337,100,38229,0,0,,,individual,https://hackerone.com/thx1337,Z2lkOi8vaGFja2Vyb25lL1VzZXIvMTMyNjQ0Mg==
486,amfarnas,100,38229,0,0,,,individual,https://hackerone.com/amfarnas,Z2lkOi8vaGFja2Vyb25lL1VzZXIvMTMyNjY1OQ==
487,subaidi,100,38229,0,0,,,individual,https://hackerone.com/subaidi,Z2lkOi8vaGFja2Vyb25lL1VzZXIvMTQ1MDA3Ng==
488,endlessly,100,38229,0,0,,,individual,https://hackerone.com/endlessly,Z2lkOi8vaGFja2Vyb25lL1VzZXIvMTQ1Mjg5Mw==
489,apt_05,100,38229,0,0,,,individual,https://hackerone.com/apt_05,Z2lkOi8vaGFja2Vyb25lL1VzZXIvMTQwMzM3Mw==
490,5y4h,100,38229,0,0,,,individual,https://hackerone.com/5y4h,Z2lkOi8vaGFja2Vyb25lL1VzZXIvMTQwODY3MA==
491,whats_name,100,38229,0,0,,,individual,https://hackerone.com/whats_name,Z2lkOi8vaGFja2Vyb25lL1VzZXIvMTQxOTYwMw==
492,sultanrizky1337,100,38229,0,0,,,individual,https://hackerone.com/sultanrizky1337,Z2lkOi8vaGFja2Vyb25lL1VzZXIvMTU3MzE0MQ==
493,hostservertuan,100,38229,0,0,,,individual,https://hackerone.com/hostservertuan,Z2lkOi8vaGFja2Vyb25lL1VzZXIvMTY3NjYyNw==
494,con7ext,100,38229,0,0,,,individual,https://hackerone.com/con7ext,Z2lkOi8vaGFja2Vyb25lL1VzZXIvMTY3OTAyMQ==
495,igniel,100,38229,0,0,,,individual,https://hackerone.com/igniel,Z2lkOi8vaGFja2Vyb25lL1VzZXIvMTY4NTU5MQ==
496,rtlenong,100,38229,0,0,,,individual,https://hackerone.com/rtlenong,Z2lkOi8vaGFja2Vyb25lL1VzZXIvMTYwNzIwNA==
497,firdansp,100,38229,0,1,,,individual,https://hackerone.com/firdansp,Z2lkOi8vaGFja2Vyb25lL1VzZXIvMTYzNjMzMA==
498,insecuresys,100,38229,0,0,,,individual,https://hackerone.com/insecuresys,Z2lkOi8vaGFja2Vyb25lL1VzZXIvMTc0NDA5OQ==
499,metoo12,100,38229,0,0,,,individual,https://hackerone.com/metoo12,Z2lkOi8vaGFja2Vyb25lL1VzZXIvMTc5OTI4Mw==
500,irwan01,100,38229,0,0,,,individual,https://hackerone.com/irwan01,Z2lkOi8vaGFja2Vyb25lL1VzZXIvMTczNzA5Mw==
501,mhhfdpro,100,38229,0,0,,,individual,https://hackerone.com/mhhfdpro,Z2lkOi8vaGFja2Vyb25lL1VzZXIvMTg0NTEwMA==
502,wzltn,100,38229,0,0,,,individual,https://hackerone.com/wzltn,Z2lkOi8vaGFja2Vyb25lL1VzZXIvMTg2ODIwOQ==
503,galihabbip,100,38229,0,0,,,individual,https://hackerone.com/galihabbip,Z2lkOi8vaGFja2Vyb25lL1VzZXIvMTg4MzM3OQ==
504,h79sen,100,38229,0,0,,,individual,https://hackerone.com/h79sen,Z2lkOi8vaGFja2Vyb25lL1VzZXIvMTgwNjk4NA==
505,blacklistcyberid,100,38229,0,0,,,individual,https://hackerone.com/blacklistcyberid,Z2lkOi8vaGFja2Vyb25lL1VzZXIvMTgxMTI5Mg==
506,hanz0x07,100,38229,0,0,,,individual,https://hackerone.com/hanz0x07,Z2lkOi8vaGFja2Vyb25lL1VzZXIvMTgxNDAzOA==
507,pikosec,100,38229,0,1,,,individual,https://hackerone.com/pikosec,Z2lkOi8vaGFja2Vyb25lL1VzZXIvMTgyNzM4OA==
508,banua,100,38229,0,0,,,individual,https://hackerone.com/banua,Z2lkOi8vaGFja2Vyb25lL1VzZXIvMTk2ODI2Mg==
509,b4wang,100,38229,0,0,,,individual,https://hackerone.com/b4wang,Z2lkOi8vaGFja2Vyb25lL1VzZXIvMTk5MDQ1Ng==
510,bangjp,100,38229,0,0,,,individual,https://hackerone.com/bangjp,Z2lkOi8vaGFja2Vyb25lL1VzZXIvMTkyNDg4OQ==
511,p0h,100,38229,0,0,,,individual,https://hackerone.com/p0h,Z2lkOi8vaGFja2Vyb25lL1VzZXIvMTkzMzgyOA==
512,sansan12,100,38229,0,0,,,individual,https://hackerone.com/sansan12,Z2lkOi8vaGFja2Vyb25lL1VzZXIvMjA2NjEzMw==
513,redshamn12,100,38229,0,1,,,individual,https://hackerone.com/redshamn12,Z2lkOi8vaGFja2Vyb25lL1VzZXIvMjA3OTc1OQ==
514,fr3,100,38229,0,0,,,individual,https://hackerone.com/fr3,Z2lkOi8vaGFja2Vyb25lL1VzZXIvMjAwMDAzMg==
515,blueberet,100,38229,0,0,,,individual,https://hackerone.com/blueberet,Z2lkOi8vaGFja2Vyb25lL1VzZXIvMjAzMzEwMw==
516,bintangsatu,100,38229,0,1,,,individual,https://hackerone.com/bintangsatu,Z2lkOi8vaGFja2Vyb25lL1VzZXIvMjE1MjA5Ng==
517,tanweerali,100,38229,0,0,,,individual,https://hackerone.com/tanweerali,Z2lkOi8vaGFja2Vyb25lL1VzZXIvMjE1NjU2Nw==
518,hilmiabdulazisfirmansyah,100,38229,0,0,,,individual,https://hackerone.com/hilmiabdulazisfirmansyah,Z2lkOi8vaGFja2Vyb25lL1VzZXIvMjE3MzIzMg==
519,ridwancard,100,38229,0,0,,,individual,https://hackerone.com/ridwancard,Z2lkOi8vaGFja2Vyb25lL1VzZXIvMjE3NzI0OA==
520,idd50,100,38229,0,0,,,individual,https://hackerone.com/idd50,Z2lkOi8vaGFja2Vyb25lL1VzZXIvMjE3ODU0Ng==
521,fecore,100,38229,0,0,,,individual,https://hackerone.com/fecore,Z2lkOi8vaGFja2Vyb25lL1VzZXIvMjEwNjM4MQ==
522,psychopumpum,100,38229,0,0,,,individual,https://hackerone.com/psychopumpum,Z2lkOi8vaGFja2Vyb25lL1VzZXIvMjExMDkwOQ==
523,quwaisploit,100,38229,0,0,,,individual,https://hackerone.com/quwaisploit,Z2lkOi8vaGFja2Vyb25lL1VzZXIvMjExMTI3Mg==
524,azhariramadhan,100,38229,0,0,,,individual,https://hackerone.com/azhariramadhan,Z2lkOi8vaGFja2Vyb25lL1VzZXIvMjEyMTIxMw==
525,adef13,100,38229,0,0,,,individual,https://hackerone.com/adef13,Z2lkOi8vaGFja2Vyb25lL1VzZXIvMjEyMjY2Mg==
526,alvinferd25,100,38229,0,0,,,individual,https://hackerone.com/alvinferd25,Z2lkOi8vaGFja2Vyb25lL1VzZXIvMjI4NTcyNw==
527,zayui19,100,38229,0,0,,,individual,https://hackerone.com/zayui19,Z2lkOi8vaGFja2Vyb25lL1VzZXIvMjIzNDY3OQ==
528,rootings,100,38229,0,0,,,individual,https://hackerone.com/rootings,Z2lkOi8vaGFja2Vyb25lL1VzZXIvMjM2MDgwMg==
529,sotong1337,100,38229,0,0,,,individual,https://hackerone.com/sotong1337,Z2lkOi8vaGFja2Vyb25lL1VzZXIvMjM2MjIwNQ==
530,lowanzwijaya,100,38229,0,0,,,individual,https://hackerone.com/lowanzwijaya,Z2lkOi8vaGFja2Vyb25lL1VzZXIvMjM4OTM0OA==
531,rizalltampanz,100,38229,0,0,,,individual,https://hackerone.com/rizalltampanz,Z2lkOi8vaGFja2Vyb25lL1VzZXIvMjQ1MTMxNw==
532,rajo_paburu,100,38229,0,0,,,individual,https://hackerone.com/rajo_paburu,Z2lkOi8vaGFja2Vyb25lL1VzZXIvMjQ1OTI3Nw==
533,bp_acces,100,38229,0,0,,,individual,https://hackerone.com/bp_acces,Z2lkOi8vaGFja2Vyb25lL1VzZXIvMjQ3MjU3MQ==
534,secreach,100,38229,0,0,,,individual,https://hackerone.com/secreach,Z2lkOi8vaGFja2Vyb25lL1VzZXIvMjQ3MjUyNA==
535,rootbell,100,38229,0,0,,,individual,https://hackerone.com/rootbell,Z2lkOi8vaGFja2Vyb25lL1VzZXIvMjQ3OTY1Mg==
536,mysteriza,100,38229,0,0,,,individual,https://hackerone.com/mysteriza,Z2lkOi8vaGFja2Vyb25lL1VzZXIvMjQwNTcxNA==
537,desmon05,100,38229,0,0,,,individual,https://hackerone.com/desmon05,Z2lkOi8vaGFja2Vyb25lL1VzZXIvMjQwODY2Ng==
538,xksatriax,100,38229,0,0,,,individual,https://hackerone.com/xksatriax,Z2lkOi8vaGFja2Vyb25lL1VzZXIvMjQyNjczOQ==
539,k1ngp1ng,100,38229,0,0,,,individual,https://hackerone.com/k1ngp1ng,Z2lkOi8vaGFja2Vyb25lL1VzZXIvMjQzODU0NQ==
540,tolkontoldfdfd,100,38229,0,0,,,individual,https://hackerone.com/tolkontoldfdfd,Z2lkOi8vaGFja2Vyb25lL1VzZXIvMjU0MDYxNA==
541,0xr3nzz,100,38229,0,0,,,individual,https://hackerone.com/0xr3nzz,Z2lkOi8vaGFja2Vyb25lL1VzZXIvMjU0MzU0OA==
542,oneari,100,38229,0,0,,,individual,https://hackerone.com/oneari,Z2lkOi8vaGFja2Vyb25lL1VzZXIvMjU0MzUxOA==
543,sayutizxc,100,38229,0,0,,,individual,https://hackerone.com/sayutizxc,Z2lkOi8vaGFja2Vyb25lL1VzZXIvMjU1NzU0OQ==
544,babeland,100,38229,0,0,,,individual,https://hackerone.com/babeland,Z2lkOi8vaGFja2Vyb25lL1VzZXIvMjU2ODgyNQ==
545,cozsen,100,38229,0,0,,,individual,https://hackerone.com/cozsen,Z2lkOi8vaGFja2Vyb25lL1VzZXIvMjU5NjgwMQ==
546,nus1x,100,38229,0,0,,,individual,https://hackerone.com/nus1x,Z2lkOi8vaGFja2Vyb25lL1VzZXIvMjUwNzk3Mg==
547,nurhakim,100,38229,0,0,,,individual,https://hackerone.com/nurhakim,Z2lkOi8vaGFja2Vyb25lL1VzZXIvMjUxMzU2Nw==
548,kitkit99zfs,100,38229,0,0,,,individual,https://hackerone.com/kitkit99zfs,Z2lkOi8vaGFja2Vyb25lL1VzZXIvMjUxNTc3OA==
549,rm-h,100,38229,0,0,,,individual,https://hackerone.com/rm-h,Z2lkOi8vaGFja2Vyb25lL1VzZXIvMjUzNDk1OA==
550,gloo,100,38229,0,0,,,individual,https://hackerone.com/gloo,Z2lkOi8vaGFja2Vyb25lL1VzZXIvMjUzNTA0OQ==
551,dhxploit,100,38229,0,0,,,individual,https://hackerone.com/dhxploit,Z2lkOi8vaGFja2Vyb25lL1VzZXIvMjY0MTUyMQ==
552,loveurselff,100,38229,0,0,,,individual,https://hackerone.com/loveurselff,Z2lkOi8vaGFja2Vyb25lL1VzZXIvMjY2NDAwMQ==
553,dianbaehaki,100,38229,0,0,,,individual,https://hackerone.com/dianbaehaki,Z2lkOi8vaGFja2Vyb25lL1VzZXIvMjY4Mjg1MQ==
554,bashes,100,38229,0,0,,,individual,https://hackerone.com/bashes,Z2lkOi8vaGFja2Vyb25lL1VzZXIvMjc0MTExMw==
555,mutegdp1413,100,38229,0,0,,,individual,https://hackerone.com/mutegdp1413,Z2lkOi8vaGFja2Vyb25lL1VzZXIvMjc2Njk4Ng==
556,lr00t,100,38229,0,0,,,individual,https://hackerone.com/lr00t,Z2lkOi8vaGFja2Vyb25lL1VzZXIvMjc3Njk3Nw==
557,learnthebyte,100,38229,0,0,,,individual,https://hackerone.com/learnthebyte,Z2lkOi8vaGFja2Vyb25lL1VzZXIvMjc5NDAzMA==
558,yamashitamizuki,100,38229,0,0,,,individual,https://hackerone.com/yamashitamizuki,Z2lkOi8vaGFja2Vyb25lL1VzZXIvMjczMDQ3NA==
559,neicyy,100,38229,0,0,,,individual,https://hackerone.com/neicyy,Z2lkOi8vaGFja2Vyb25lL1VzZXIvMjczMDY3NQ==
560,d4nz,100,38229,0,0,,,individual,https://hackerone.com/d4nz,Z2lkOi8vaGFja2Vyb25lL1VzZXIvMjg0OTgxNg==
561,hextester,100,38229,0,0,,,individual,https://hackerone.com/hextester,Z2lkOi8vaGFja2Vyb25lL1VzZXIvMjg1NTg1Ng==
562,dhvnrmdhn,100,38229,0,0,,,individual,https://hackerone.com/dhvnrmdhn,Z2lkOi8vaGFja2Vyb25lL1VzZXIvMjg2OTU0MQ==
563,hellojawa,100,38229,0,0,,,individual,https://hackerone.com/hellojawa,Z2lkOi8vaGFja2Vyb25lL1VzZXIvMjgyMDYxMw==
564,imingame,100,38229,0,0,,,individual,https://hackerone.com/imingame,Z2lkOi8vaGFja2Vyb25lL1VzZXIvMjgzNzEzNA==
565,gazuazzuazz,100,38229,0,0,,,individual,https://hackerone.com/gazuazzuazz,Z2lkOi8vaGFja2Vyb25lL1VzZXIvMjk5NjEwNw==
566,jjchonc,100,38229,0,1,,,individual,https://hackerone.com/jjchonc,Z2lkOi8vaGFja2Vyb25lL1VzZXIvMjkwNDEwMA==
567,abiyunda,100,38229,0,0,,,individual,https://hackerone.com/abiyunda,Z2lkOi8vaGFja2Vyb25lL1VzZXIvMjkxNDcyNw==
568,mrmichie07,100,38229,0,0,,,individual,https://hackerone.com/mrmichie07,Z2lkOi8vaGFja2Vyb25lL1VzZXIvMzA0NTg1NQ==
569,kentooo,100,38229,0,0,,,individual,https://hackerone.com/kentooo,Z2lkOi8vaGFja2Vyb25lL1VzZXIvMzA1MjIwNg==
570,0xc4t,100,38229,0,0,,,individual,https://hackerone.com/0xc4t,Z2lkOi8vaGFja2Vyb25lL1VzZXIvMzA2MTc3Ng==
571,gospel69,100,38229,0,0,,,individual,https://hackerone.com/gospel69,Z2lkOi8vaGFja2Vyb25lL1VzZXIvMzAwMjU5OA==
572,phaser_,100,38229,0,0,,,individual,https://hackerone.com/phaser_,Z2lkOi8vaGFja2Vyb25lL1VzZXIvMzAwMzQyNQ==
573,k0m0d0id,100,38229,0,0,,,individual,https://hackerone.com/k0m0d0id,Z2lkOi8vaGFja2Vyb25lL1VzZXIvMzAxNjY3OA==
574,mnovalbs,100,38229,0,0,,,individual,https://hackerone.com/mnovalbs,Z2lkOi8vaGFja2Vyb25lL1VzZXIvMzAxOTM4Nw==
575,dhafy,100,38229,0,0,,,individual,https://hackerone.com/dhafy,Z2lkOi8vaGFja2Vyb25lL1VzZXIvMzAyMzg2Mg==
576,themisalecetra,100,38229,0,0,,,individual,https://hackerone.com/themisalecetra,Z2lkOi8vaGFja2Vyb25lL1VzZXIvMzAzMzIzNw==
577,nazxa,100,38229,0,0,,,individual,https://hackerone.com/nazxa,Z2lkOi8vaGFja2Vyb25lL1VzZXIvMzAzNDQyNw==
578,nightxsec,100,38229,0,1,,,individual,https://hackerone.com/nightxsec,Z2lkOi8vaGFja2Vyb25lL1VzZXIvMzE2MDg4MA==
579,karintan,100,38229,0,0,,,individual,https://hackerone.com/karintan,Z2lkOi8vaGFja2Vyb25lL1VzZXIvMzE4MzM5NA==
580,d6falt,100,38229,0,0,,,individual,https://hackerone.com/d6falt,Z2lkOi8vaGFja2Vyb25lL1VzZXIvMzExMDcwNw==
581,jusronp,100,38229,0,0,,,individual,https://hackerone.com/jusronp,Z2lkOi8vaGFja2Vyb25lL1VzZXIvMzExMTI1OA==
582,iancs,100,38229,0,0,,,individual,https://hackerone.com/iancs,Z2lkOi8vaGFja2Vyb25lL1VzZXIvMzI0MTEzNg==
583,rilsan,100,38229,0,0,,,individual,https://hackerone.com/rilsan,Z2lkOi8vaGFja2Vyb25lL1VzZXIvMzI0ODA4OA==
584,0xfrosty,100,38229,0,0,,,individual,https://hackerone.com/0xfrosty,Z2lkOi8vaGFja2Vyb25lL1VzZXIvMzI1NzIzMA==
585,ledokss,100,38229,0,0,,,individual,https://hackerone.com/ledokss,Z2lkOi8vaGFja2Vyb25lL1VzZXIvMzI4MDk3MA==
586,lanus,100,38229,0,0,,,individual,https://hackerone.com/lanus,Z2lkOi8vaGFja2Vyb25lL1VzZXIvMzI4MTg5Mw==
587,maulanaagung,100,38229,0,0,,,individual,https://hackerone.com/maulanaagung,Z2lkOi8vaGFja2Vyb25lL1VzZXIvMzI5NzkxMw==
588,ikyxd,100,38229,0,0,,,individual,https://hackerone.com/ikyxd,Z2lkOi8vaGFja2Vyb25lL1VzZXIvMzIwOTQxNA==
589,flyvree,100,38229,0,0,,,individual,https://hackerone.com/flyvree,Z2lkOi8vaGFja2Vyb25lL1VzZXIvMzIxMDcwNQ==
590,kuy22,100,38229,0,0,,,individual,https://hackerone.com/kuy22,Z2lkOi8vaGFja2Vyb25lL1VzZXIvMzIyMDYzMQ==
591,bluexz-only,100,38229,0,0,,,individual,https://hackerone.com/bluexz-only,Z2lkOi8vaGFja2Vyb25lL1VzZXIvMzM0MzYwNg==
592,pyscodes,100,38229,0,0,,,individual,https://hackerone.com/pyscodes,Z2lkOi8vaGFja2Vyb25lL1VzZXIvMzM1NzI4OA==
593,santricyber,100,38229,0,0,,,individual,https://hackerone.com/santricyber,Z2lkOi8vaGFja2Vyb25lL1VzZXIvMzM2Njc4MQ==
594,egar07,100,38229,0,0,,,individual,https://hackerone.com/egar07,Z2lkOi8vaGFja2Vyb25lL1VzZXIvMzM2ODY3MQ==
595,kenzx,100,38229,0,0,,,individual,https://hackerone.com/kenzx,Z2lkOi8vaGFja2Vyb25lL1VzZXIvMzM3MDg2OQ==
596,nap99,100,38229,0,0,,,individual,https://hackerone.com/nap99,Z2lkOi8vaGFja2Vyb25lL1VzZXIvMzM3NTIzOA==
597,rizqimaulana,100,38229,0,0,,,individual,https://hackerone.com/rizqimaulana,Z2lkOi8vaGFja2Vyb25lL1VzZXIvMzM5NDg3
598,enjeex,100,38229,0,1,,,individual,https://hackerone.com/enjeex,Z2lkOi8vaGFja2Vyb25lL1VzZXIvMzM5NjU2NQ==
599,positivevibe,100,38229,0,0,,,individual,https://hackerone.com/positivevibe,Z2lkOi8vaGFja2Vyb25lL1VzZXIvMzMwMTg0OA==
600,wagyudone,100,38229,0,0,,,individual,https://hackerone.com/wagyudone,Z2lkOi8vaGFja2Vyb25lL1VzZXIvMzMwMjY0Nw==
601,sc4redy,100,38229,0,0,,,individual,https://hackerone.com/sc4redy,Z2lkOi8vaGFja2Vyb25lL1VzZXIvMzMxNDIyNg==
602,vinzzx231,100,38229,0,0,,,individual,https://hackerone.com/vinzzx231,Z2lkOi8vaGFja2Vyb25lL1VzZXIvMzMxNTc2OQ==
603,trbrox,100,38229,0,0,,,individual,https://hackerone.com/trbrox,Z2lkOi8vaGFja2Vyb25lL1VzZXIvMzMyMzU5OA==
604,ardeva22,100,38229,0,0,,,individual,https://hackerone.com/ardeva22,Z2lkOi8vaGFja2Vyb25lL1VzZXIvMzQ0MTkxMQ==
605,prakoso004,100,38229,0,0,,,individual,https://hackerone.com/prakoso004,Z2lkOi8vaGFja2Vyb25lL1VzZXIvMzQ0NzI5MA==
606,najibulasror,100,38229,0,0,,,individual,https://hackerone.com/najibulasror,Z2lkOi8vaGFja2Vyb25lL1VzZXIvMzQ2MjA5MQ==
607,nelsonyonzon,100,38229,0,0,,,individual,https://hackerone.com/nelsonyonzon,Z2lkOi8vaGFja2Vyb25lL1VzZXIvMzQ3MTI4Mg==
608,sin9911,100,38229,0,0,,,individual,https://hackerone.com/sin9911,Z2lkOi8vaGFja2Vyb25lL1VzZXIvMzQ3NjQzMA==
609,ghostxd00,100,38229,0,0,,,individual,https://hackerone.com/ghostxd00,Z2lkOi8vaGFja2Vyb25lL1VzZXIvMzQ5MzEwMg==
610,wawlast00,100,38229,0,0,,,individual,https://hackerone.com/wawlast00,Z2lkOi8vaGFja2Vyb25lL1VzZXIvMzQ5NzA3OQ==
611,cedsbstn,100,38229,0,0,,,individual,https://hackerone.com/cedsbstn,Z2lkOi8vaGFja2Vyb25lL1VzZXIvMzQwOTQxMw==
612,4hmad56,100,38229,0,0,,,individual,https://hackerone.com/4hmad56,Z2lkOi8vaGFja2Vyb25lL1VzZXIvMzQxMDU1Mg==
613,skuzyyy,100,38229,0,0,,,individual,https://hackerone.com/skuzyyy,Z2lkOi8vaGFja2Vyb25lL1VzZXIvMzQxNjM2NA==
614,nphyt,100,38229,0,0,,,individual,https://hackerone.com/nphyt,Z2lkOi8vaGFja2Vyb25lL1VzZXIvMzQyNzY0Nw==
615,brzzz,100,38229,0,0,,,individual,https://hackerone.com/brzzz,Z2lkOi8vaGFja2Vyb25lL1VzZXIvMzQzNDA2Nw==
616,jxigris,100,38229,0,0,,,individual,https://hackerone.com/jxigris,Z2lkOi8vaGFja2Vyb25lL1VzZXIvMzQzNTM2OA==
617,tinypurpleberryy,100,38229,0,0,,,individual,https://hackerone.com/tinypurpleberryy,Z2lkOi8vaGFja2Vyb25lL1VzZXIvMzQzNjQ3Ng==
618,aceproulx01,100,38229,0,0,,,individual,https://hackerone.com/aceproulx01,Z2lkOi8vaGFja2Vyb25lL1VzZXIvMzQzOTU1OQ==
619,firdaus_muhammad_ismail,100,38229,0,0,,,individual,https://hackerone.com/firdaus_muhammad_ismail,Z2lkOi8vaGFja2Vyb25lL1VzZXIvMzU0MDY2OQ==
620,zukyun,100,38229,0,0,,,individual,https://hackerone.com/zukyun,Z2lkOi8vaGFja2Vyb25lL1VzZXIvMzU1Mjc4Mg==
621,rohmadhidayahh,100,,0,0,,,individual,https://hackerone.com/rohmadhidayahh,Z2lkOi8vaGFja2Vyb25lL1VzZXIvMzU1NDQzOQ==
622,fazriansyahmuh,100,38229,0,0,,,individual,https://hackerone.com/fazriansyahmuh,Z2lkOi8vaGFja2Vyb25lL1VzZXIvMzU2Mjc1Mg==
623,youknowsnowsee,100,38229,0,0,,,individual,https://hackerone.com/youknowsnowsee,Z2lkOi8vaGFja2Vyb25lL1VzZXIvMzU3ODMxOA==
624,sunwukongcyber,100,38229,0,0,,,individual,https://hackerone.com/sunwukongcyber,Z2lkOi8vaGFja2Vyb25lL1VzZXIvMzU3OTE5Mw==
625,s3nkuu0,100,38229,0,0,,,individual,https://hackerone.com/s3nkuu0,Z2lkOi8vaGFja2Vyb25lL1VzZXIvMzU5NDQzNQ==
626,vampxd,100,38229,0,0,,,individual,https://hackerone.com/vampxd,Z2lkOi8vaGFja2Vyb25lL1VzZXIvMzUyNDMyMA==
627,bleco,100,38229,0,0,,,individual,https://hackerone.com/bleco,Z2lkOi8vaGFja2Vyb25lL1VzZXIvMzUyNTY2Nw==
628,rohmad_hidayah,100,,0,0,,,individual,https://hackerone.com/rohmad_hidayah,Z2lkOi8vaGFja2Vyb25lL1VzZXIvMzUzODQ3OA==
629,bosbulan,100,38229,0,0,,,individual,https://hackerone.com/bosbulan,Z2lkOi8vaGFja2Vyb25lL1VzZXIvMzY0MTIx
630,sewnkin,100,38229,0,0,,,individual,https://hackerone.com/sewnkin,Z2lkOi8vaGFja2Vyb25lL1VzZXIvMzY0OTAzMw==
631,banyray8,100,38229,0,0,,,individual,https://hackerone.com/banyray8,Z2lkOi8vaGFja2Vyb25lL1VzZXIvMzY2Nzg4OQ==
632,0xfealsx,100,38229,0,0,,,individual,https://hackerone.com/0xfealsx,Z2lkOi8vaGFja2Vyb25lL1VzZXIvMzY4NzI2MA==
633,funfisika,100,38229,0,0,,,individual,https://hackerone.com/funfisika,Z2lkOi8vaGFja2Vyb25lL1VzZXIvMzY5MzUzOQ==
634,cybersmd,100,38229,0,0,,,individual,https://hackerone.com/cybersmd,Z2lkOi8vaGFja2Vyb25lL1VzZXIvMzYwMDk2NA==
635,g00dm4n,100,38229,0,0,,,individual,https://hackerone.com/g00dm4n,Z2lkOi8vaGFja2Vyb25lL1VzZXIvMzYwNjk3Mw==
636,krypton2021,100,38229,0,0,,,individual,https://hackerone.com/krypton2021,Z2lkOi8vaGFja2Vyb25lL1VzZXIvMzYwNzY5NQ==
637,cyberlimit2,100,38229,0,0,,,individual,https://hackerone.com/cyberlimit2,Z2lkOi8vaGFja2Vyb25lL1VzZXIvMzYxNzI0MQ==
638,he_is_pirate,100,38229,0,0,,,individual,https://hackerone.com/he_is_pirate,Z2lkOi8vaGFja2Vyb25lL1VzZXIvMzc1MjE0MA==
639,mengen,100,38229,0,0,,,individual,https://hackerone.com/mengen,Z2lkOi8vaGFja2Vyb25lL1VzZXIvMzg2MDEwMA==
640,farrel0xx_,100,38229,0,0,,,individual,https://hackerone.com/farrel0xx_,Z2lkOi8vaGFja2Vyb25lL1VzZXIvMzg4MDY5NA==
641,ucoksgans,100,38229,0,0,,,individual,https://hackerone.com/ucoksgans,Z2lkOi8vaGFja2Vyb25lL1VzZXIvMzg4Mjc5MQ==
642,garciaa,100,38229,0,0,,,individual,https://hackerone.com/garciaa,Z2lkOi8vaGFja2Vyb25lL1VzZXIvMzk1MDMyMQ==
643,alwaysme22,100,38229,0,1,,,individual,https://hackerone.com/alwaysme22,Z2lkOi8vaGFja2Vyb25lL1VzZXIvMzk1NDUzNg==
644,cakarasss,100,38229,0,0,,,individual,https://hackerone.com/cakarasss,Z2lkOi8vaGFja2Vyb25lL1VzZXIvMzk2MzY4MA==
645,eldjie,100,38229,0,0,,,individual,https://hackerone.com/eldjie,Z2lkOi8vaGFja2Vyb25lL1VzZXIvMzk2NTI4Mw==
646,mhkti_17,100,38229,0,1,,,individual,https://hackerone.com/mhkti_17,Z2lkOi8vaGFja2Vyb25lL1VzZXIvMzk2ODYzNA==
647,rhafa_one,100,38229,0,0,,,individual,https://hackerone.com/rhafa_one,Z2lkOi8vaGFja2Vyb25lL1VzZXIvMzk2OTA0Mg==
648,vanoayoungboy,100,38229,0,0,,,individual,https://hackerone.com/vanoayoungboy,Z2lkOi8vaGFja2Vyb25lL1VzZXIvMzk3MzY2MQ==
649,mojocyber,100,38229,0,0,,,individual,https://hackerone.com/mojocyber,Z2lkOi8vaGFja2Vyb25lL1VzZXIvMzk4NTg3MQ==
650,yudiganteng11,100,38229,0,0,,,individual,https://hackerone.com/yudiganteng11,Z2lkOi8vaGFja2Vyb25lL1VzZXIvMzk4OTU2OQ==
651,z0lf,100,38229,0,0,,,individual,https://hackerone.com/z0lf,Z2lkOi8vaGFja2Vyb25lL1VzZXIvMzkwNDgyNQ==
652,hachi,100,38229,0,0,,,individual,https://hackerone.com/hachi,Z2lkOi8vaGFja2Vyb25lL1VzZXIvMzkwODcy
653,ronin4code,100,38229,0,0,,,individual,https://hackerone.com/ronin4code,Z2lkOi8vaGFja2Vyb25lL1VzZXIvMzkyNDUzOQ==
654,younggenerations,100,38229,0,0,,,individual,https://hackerone.com/younggenerations,Z2lkOi8vaGFja2Vyb25lL1VzZXIvNDA0OTMzOQ==
655,redacted0x01x,100,38229,0,0,,,individual,https://hackerone.com/redacted0x01x,Z2lkOi8vaGFja2Vyb25lL1VzZXIvNDAwMTgyNA==
656,prast_id,100,38229,0,0,,,individual,https://hackerone.com/prast_id,Z2lkOi8vaGFja2Vyb25lL1VzZXIvNDAyMTMxNg==
657,aprilrian,100,38229,0,0,,,individual,https://hackerone.com/aprilrian,Z2lkOi8vaGFja2Vyb25lL1VzZXIvNDAzMzQ2OA==
658,ardxcryz,100,38229,0,0,,,individual,https://hackerone.com/ardxcryz,Z2lkOi8vaGFja2Vyb25lL1VzZXIvNDE2MzIwOQ==
659,smuft1707,100,38229,0,0,,,individual,https://hackerone.com/smuft1707,Z2lkOi8vaGFja2Vyb25lL1VzZXIvNDI0MDk2OQ==
660,farissal_b,100,38229,0,0,,,individual,https://hackerone.com/farissal_b,Z2lkOi8vaGFja2Vyb25lL1VzZXIvNDI0OTAwNw==
661,pennyw1se,100,38229,0,0,,,individual,https://hackerone.com/pennyw1se,Z2lkOi8vaGFja2Vyb25lL1VzZXIvNDI1NDMyMQ==
662,wtrm1n,100,38229,0,0,,,individual,https://hackerone.com/wtrm1n,Z2lkOi8vaGFja2Vyb25lL1VzZXIvNDI5MDI1NA==
663,xredindo,100,38229,0,0,,,individual,https://hackerone.com/xredindo,Z2lkOi8vaGFja2Vyb25lL1VzZXIvNDI5NDY2OA==
664,gloryfa__-,100,38229,0,0,,,individual,https://hackerone.com/gloryfa__-,Z2lkOi8vaGFja2Vyb25lL1VzZXIvNDIwNTQ0MA==
665,azelsans,100,38229,0,0,,,individual,https://hackerone.com/azelsans,Z2lkOi8vaGFja2Vyb25lL1VzZXIvNDIyNzY2Nw==
666,kelvinyen,100,38229,0,0,,,individual,https://hackerone.com/kelvinyen,Z2lkOi8vaGFja2Vyb25lL1VzZXIvNDM0MzU5NA==
667,masmasheker,100,38229,0,0,,,individual,https://hackerone.com/masmasheker,Z2lkOi8vaGFja2Vyb25lL1VzZXIvNDM1MDI5NQ==
668,bekasi-elite,100,38229,0,0,,,individual,https://hackerone.com/bekasi-elite,Z2lkOi8vaGFja2Vyb25lL1VzZXIvNDM1NTI1NA==
669,demyth,100,38229,0,0,,,individual,https://hackerone.com/demyth,Z2lkOi8vaGFja2Vyb25lL1VzZXIvNDM2MTIwNg==
670,geerhansentanu,100,38229,0,0,,,individual,https://hackerone.com/geerhansentanu,Z2lkOi8vaGFja2Vyb25lL1VzZXIvNDM2NzQ2MA==
671,zhmaa,100,38229,0,0,,,individual,https://hackerone.com/zhmaa,Z2lkOi8vaGFja2Vyb25lL1VzZXIvNDM4NzU3NQ==
672,mrlite4444,100,38229,0,0,,,individual,https://hackerone.com/mrlite4444,Z2lkOi8vaGFja2Vyb25lL1VzZXIvNDQ0ODE1Mg==
673,devsecry,100,38229,0,0,,,individual,https://hackerone.com/devsecry,Z2lkOi8vaGFja2Vyb25lL1VzZXIvNDQ2OTQ2NA==
674,sicantik,100,38229,0,0,,,individual,https://hackerone.com/sicantik,Z2lkOi8vaGFja2Vyb25lL1VzZXIvNDQ4MTY4Mw==
675,lyxanar,100,38229,0,0,,,individual,https://hackerone.com/lyxanar,Z2lkOi8vaGFja2Vyb25lL1VzZXIvNDQ4NzczNg==
676,gt666,100,38229,0,0,,,individual,https://hackerone.com/gt666,Z2lkOi8vaGFja2Vyb25lL1VzZXIvNDQ5NTU3NA==
677,pppathfinder,100,38229,0,0,,,individual,https://hackerone.com/pppathfinder,Z2lkOi8vaGFja2Vyb25lL1VzZXIvNDQwMzAzOQ==
678,notok,100,38229,0,0,,,individual,https://hackerone.com/notok,Z2lkOi8vaGFja2Vyb25lL1VzZXIvNDQwNDM0Mw==
679,ykz404,100,38229,0,0,,,individual,https://hackerone.com/ykz404,Z2lkOi8vaGFja2Vyb25lL1VzZXIvNDQxMjU0Mw==
680,whyhid47,100,38229,0,0,,,individual,https://hackerone.com/whyhid47,Z2lkOi8vaGFja2Vyb25lL1VzZXIvNDg4Mzg0
681,rayhanhanaputra,100,38229,0,0,,,individual,https://hackerone.com/rayhanhanaputra,Z2lkOi8vaGFja2Vyb25lL1VzZXIvNDkxNjIx
682,earthbender,100,38229,0,1,,,individual,https://hackerone.com/earthbender,Z2lkOi8vaGFja2Vyb25lL1VzZXIvNTY1NTA0
683,khaclep,100,38229,0,0,,,individual,https://hackerone.com/khaclep,Z2lkOi8vaGFja2Vyb25lL1VzZXIvNTcxMTk5
684,domicadoesca,100,38229,0,0,,,individual,https://hackerone.com/domicadoesca,Z2lkOi8vaGFja2Vyb25lL1VzZXIvNTgzMjY4
685,iblitzc0de,100,38229,0,0,,,individual,https://hackerone.com/iblitzc0de,Z2lkOi8vaGFja2Vyb25lL1VzZXIvNjY0MjY4
686,warifp,100,38229,0,0,,,individual,https://hackerone.com/warifp,Z2lkOi8vaGFja2Vyb25lL1VzZXIvNjg5MjEy
687,hexdemsion,100,38229,0,0,,,individual,https://hackerone.com/hexdemsion,Z2lkOi8vaGFja2Vyb25lL1VzZXIvNjgyOTg2
688,zsec_id,100,38229,0,0,,,individual,https://hackerone.com/zsec_id,Z2lkOi8vaGFja2Vyb25lL1VzZXIvODQyNDQz
689,sharpicx,100,38229,0,0,,,individual,https://hackerone.com/sharpicx,Z2lkOi8vaGFja2Vyb25lL1VzZXIvODk2NzY4
690,drxiiiq,100,38229,0,0,,,individual,https://hackerone.com/drxiiiq,Z2lkOi8vaGFja2Vyb25lL1VzZXIvOTA3OTM0
691,sec0nds0n,100,38229,0,0,,,individual,https://hackerone.com/sec0nds0n,Z2lkOi8vaGFja2Vyb25lL1VzZXIvOTgzODY0
692,sylncereyes,99,212637,1,2,-1.0,,individual,https://hackerone.com/sylncereyes,Z2lkOi8vaGFja2Vyb25lL1VzZXIvMTM0OTIyMg==
693,mxrizky,99,212637,1,2,-1.57,,individual,https://hackerone.com/mxrizky,Z2lkOi8vaGFja2Vyb25lL1VzZXIvMTMwOTM3Ng==
694,yuraveon,99,212632,0,1,,,individual,https://hackerone.com/yuraveon,Z2lkOi8vaGFja2Vyb25lL1VzZXIvMTQzMDQyMw==
695,orca88,99,212637,0,2,,,individual,https://hackerone.com/orca88,Z2lkOi8vaGFja2Vyb25lL1VzZXIvMjU0NzMyNg==
696,godzia,99,212637,1,1,-3.5,,individual,https://hackerone.com/godzia,Z2lkOi8vaGFja2Vyb25lL1VzZXIvNDIyNDc4
697,andrilss,97,213475,1,1,-1.0,,individual,https://hackerone.com/andrilss,Z2lkOi8vaGFja2Vyb25lL1VzZXIvMTI4OTAyOQ==
698,oksir,97,213470,0,1,,,individual,https://hackerone.com/oksir,Z2lkOi8vaGFja2Vyb25lL1VzZXIvMTYzMDQ1OA==
699,0xashiiii,97,213471,0,1,,,individual,https://hackerone.com/0xashiiii,Z2lkOi8vaGFja2Vyb25lL1VzZXIvMjAwMjYyOA==
700,pecelponorogo,97,213474,0,2,,,individual,https://hackerone.com/pecelponorogo,Z2lkOi8vaGFja2Vyb25lL1VzZXIvMjIyNDAyMw==
701,eazypyz,97,213475,1,2,,,individual,https://hackerone.com/eazypyz,Z2lkOi8vaGFja2Vyb25lL1VzZXIvMjQzODM4Nw==
702,dcrows3c,97,213475,0,1,,,individual,https://hackerone.com/dcrows3c,Z2lkOi8vaGFja2Vyb25lL1VzZXIvMjYyNzgyOQ==
703,zake1god,97,213473,0,2,,,individual,https://hackerone.com/zake1god,Z2lkOi8vaGFja2Vyb25lL1VzZXIvMjc5NDg2Mg==
704,dnlrsdy,97,213475,0,1,,,individual,https://hackerone.com/dnlrsdy,Z2lkOi8vaGFja2Vyb25lL1VzZXIvMjcyNzY5Nw==
705,dellohhh,97,213475,0,1,,,individual,https://hackerone.com/dellohhh,Z2lkOi8vaGFja2Vyb25lL1VzZXIvMzM0MDI3OA==
706,falsenine,97,213475,1,1,-1.0,,individual,https://hackerone.com/falsenine,Z2lkOi8vaGFja2Vyb25lL1VzZXIvMzM0MDY4OQ==
707,0x71rex,97,213474,0,1,,,individual,https://hackerone.com/0x71rex,Z2lkOi8vaGFja2Vyb25lL1VzZXIvMzQ1MDY0
708,xjustb0w,97,213473,0,1,,,individual,https://hackerone.com/xjustb0w,Z2lkOi8vaGFja2Vyb25lL1VzZXIvMzQ4MTYzMA==
709,ijphunter,97,213475,1,2,-1.0,,individual,https://hackerone.com/ijphunter,Z2lkOi8vaGFja2Vyb25lL1VzZXIvNDExNzkwNQ==
710,nofacez,97,213475,0,1,,,individual,https://hackerone.com/nofacez,Z2lkOi8vaGFja2Vyb25lL1VzZXIvNDEyNjQ4NQ==
711,ha1miyambg,97,213473,0,1,,,individual,https://hackerone.com/ha1miyambg,Z2lkOi8vaGFja2Vyb25lL1VzZXIvNDQzOTU2Nw==
712,azkura,97,213473,0,1,-1.0,,individual,https://hackerone.com/azkura,Z2lkOi8vaGFja2Vyb25lL1VzZXIvNDUzNTkwNg==
713,ninjavi,97,213473,0,1,,,individual,https://hackerone.com/ninjavi,Z2lkOi8vaGFja2Vyb25lL1VzZXIvNjA5OTcw
714,vascoz,96,215385,1,3,-1.0,,individual,https://hackerone.com/vascoz,Z2lkOi8vaGFja2Vyb25lL1VzZXIvMjA2OTMxOA==
715,lofixcodec_,96,215385,0,2,,,individual,https://hackerone.com/lofixcodec_,Z2lkOi8vaGFja2Vyb25lL1VzZXIvMjM3MDk2Ng==
716,brianneir,96,,0,1,,,individual,https://hackerone.com/brianneir,Z2lkOi8vaGFja2Vyb25lL1VzZXIvNDM0NTkxNw==
717,kenjisubagja29,96,215383,1,1,-2.0,,individual,https://hackerone.com/kenjisubagja29,Z2lkOi8vaGFja2Vyb25lL1VzZXIvNDQ3MDAzNw==
718,1tte,95,215579,0,0,,,individual,https://hackerone.com/1tte,Z2lkOi8vaGFja2Vyb25lL1VzZXIvMTA2NDQ2NQ==
719,silentchild6,95,215579,0,0,,,individual,https://hackerone.com/silentchild6,Z2lkOi8vaGFja2Vyb25lL1VzZXIvMTAxNjgxMA==
720,radytia,95,215579,0,0,,,individual,https://hackerone.com/radytia,Z2lkOi8vaGFja2Vyb25lL1VzZXIvMTI2ODAyNA==
721,anahendra,95,215571,0,1,,,individual,https://hackerone.com/anahendra,Z2lkOi8vaGFja2Vyb25lL1VzZXIvMTM2MTk5Nw==
722,real_dukun,95,215572,0,0,,,individual,https://hackerone.com/real_dukun,Z2lkOi8vaGFja2Vyb25lL1VzZXIvMTQyMDI2NA==
723,justr,95,215579,0,0,,,individual,https://hackerone.com/justr,Z2lkOi8vaGFja2Vyb25lL1VzZXIvMTc2MDcwMw==
724,armx,95,215571,0,0,,,individual,https://hackerone.com/armx,Z2lkOi8vaGFja2Vyb25lL1VzZXIvMTg4ODM4
725,zulfi0,95,215574,0,0,,,individual,https://hackerone.com/zulfi0,Z2lkOi8vaGFja2Vyb25lL1VzZXIvMTk0MjQ4NA==
726,qchad0909,95,215575,0,0,,,individual,https://hackerone.com/qchad0909,Z2lkOi8vaGFja2Vyb25lL1VzZXIvMTk4MjczNw==
727,foxsroot,95,215574,0,0,,,individual,https://hackerone.com/foxsroot,Z2lkOi8vaGFja2Vyb25lL1VzZXIvMTkwODE5NQ==
728,rizal_tampanz,95,215578,0,0,,,individual,https://hackerone.com/rizal_tampanz,Z2lkOi8vaGFja2Vyb25lL1VzZXIvMjI1ODU0Ng==
729,yasashihito,95,215577,0,0,,,individual,https://hackerone.com/yasashihito,Z2lkOi8vaGFja2Vyb25lL1VzZXIvMjI2NTk3Ng==
730,lanceroot555,95,215575,0,0,,,individual,https://hackerone.com/lanceroot555,Z2lkOi8vaGFja2Vyb25lL1VzZXIvMjMyNjI4Mg==
731,si_nonim,95,215575,0,0,,,individual,https://hackerone.com/si_nonim,Z2lkOi8vaGFja2Vyb25lL1VzZXIvMjQwMDQxMA==
732,ars27,95,215575,0,0,,,individual,https://hackerone.com/ars27,Z2lkOi8vaGFja2Vyb25lL1VzZXIvMjQzMTQ3Mg==
733,phantom4,95,215579,0,0,,,individual,https://hackerone.com/phantom4,Z2lkOi8vaGFja2Vyb25lL1VzZXIvMjU5NTQ5MA==
734,ytaufiq04,95,215579,0,0,,,individual,https://hackerone.com/ytaufiq04,Z2lkOi8vaGFja2Vyb25lL1VzZXIvMjYxNTA5OA==
735,thespartas,95,215574,0,0,,,individual,https://hackerone.com/thespartas,Z2lkOi8vaGFja2Vyb25lL1VzZXIvMjYzMjg3
736,afdolgazali,95,215579,0,0,,,individual,https://hackerone.com/afdolgazali,Z2lkOi8vaGFja2Vyb25lL1VzZXIvMjc1NzM2Mg==
737,ten_id,95,215578,0,0,,,individual,https://hackerone.com/ten_id,Z2lkOi8vaGFja2Vyb25lL1VzZXIvMjc4OTI1MQ==
738,syndrom2211,95,215579,0,0,,,individual,https://hackerone.com/syndrom2211,Z2lkOi8vaGFja2Vyb25lL1VzZXIvMjg0ODI4OA==
739,bangkitsanjaya_,95,215579,0,0,,,individual,https://hackerone.com/bangkitsanjaya_,Z2lkOi8vaGFja2Vyb25lL1VzZXIvMjg3MTM1MA==
740,galihadiwijaya,95,215579,0,0,,,individual,https://hackerone.com/galihadiwijaya,Z2lkOi8vaGFja2Vyb25lL1VzZXIvMjg5MjA4Ng==
741,si-mf,95,215578,0,0,,,individual,https://hackerone.com/si-mf,Z2lkOi8vaGFja2Vyb25lL1VzZXIvMjg5NDU5MA==
742,kecoakterbang04,95,215579,0,0,,,individual,https://hackerone.com/kecoakterbang04,Z2lkOi8vaGFja2Vyb25lL1VzZXIvMjgyNjQxOA==
743,kor3k,95,215579,0,0,,,individual,https://hackerone.com/kor3k,Z2lkOi8vaGFja2Vyb25lL1VzZXIvMjgzODY1NQ==
744,onesec_666x,95,215579,0,0,,,individual,https://hackerone.com/onesec_666x,Z2lkOi8vaGFja2Vyb25lL1VzZXIvMjk2MTcwMA==
745,faammaaf,95,215579,0,0,,,individual,https://hackerone.com/faammaaf,Z2lkOi8vaGFja2Vyb25lL1VzZXIvMjk5NjIxNA==
746,internal_admin,95,215579,0,0,,,individual,https://hackerone.com/internal_admin,Z2lkOi8vaGFja2Vyb25lL1VzZXIvMzA4MzI1MQ==
747,o2h,95,215579,0,0,,,individual,https://hackerone.com/o2h,Z2lkOi8vaGFja2Vyb25lL1VzZXIvMzAxNjE3Nw==
748,shadowfun,95,215577,0,0,,,individual,https://hackerone.com/shadowfun,Z2lkOi8vaGFja2Vyb25lL1VzZXIvMzE4NTk2
749,k4tedu,95,215577,0,1,,,individual,https://hackerone.com/k4tedu,Z2lkOi8vaGFja2Vyb25lL1VzZXIvMzEyMzQ1NQ==
750,bazeniancode,95,215579,0,0,,,individual,https://hackerone.com/bazeniancode,Z2lkOi8vaGFja2Vyb25lL1VzZXIvMzI5MjEzOA==
751,king_kizu,95,215579,0,0,,,individual,https://hackerone.com/king_kizu,Z2lkOi8vaGFja2Vyb25lL1VzZXIvMzIzNjM1OA==
752,aeoh,95,215579,0,0,,,individual,https://hackerone.com/aeoh,Z2lkOi8vaGFja2Vyb25lL1VzZXIvMzMzODc5MQ==
753,xsen_code,95,215577,0,0,,,individual,https://hackerone.com/xsen_code,Z2lkOi8vaGFja2Vyb25lL1VzZXIvMzQ3MTcxMA==
754,pndsec,95,215579,0,0,,,individual,https://hackerone.com/pndsec,Z2lkOi8vaGFja2Vyb25lL1VzZXIvMzQxMDg4NA==
755,bossarifsanjaya,95,215579,0,1,,,individual,https://hackerone.com/bossarifsanjaya,Z2lkOi8vaGFja2Vyb25lL1VzZXIvMzQxNjU0NQ==
756,t0m1irv4n,95,215579,0,0,,,individual,https://hackerone.com/t0m1irv4n,Z2lkOi8vaGFja2Vyb25lL1VzZXIvMzU2ODIwMA==
757,carrot99,95,215577,0,0,,,individual,https://hackerone.com/carrot99,Z2lkOi8vaGFja2Vyb25lL1VzZXIvMzc2ODAzOQ==
758,anna_mahayani,95,215579,0,0,,,individual,https://hackerone.com/anna_mahayani,Z2lkOi8vaGFja2Vyb25lL1VzZXIvNDIxNjQ0Nw==
759,skeletondouble,95,215579,0,0,,,individual,https://hackerone.com/skeletondouble,Z2lkOi8vaGFja2Vyb25lL1VzZXIvNDIzNzIxNQ==
760,xbools,95,215577,0,0,,,individual,https://hackerone.com/xbools,Z2lkOi8vaGFja2Vyb25lL1VzZXIvNDQ4NzkwMw==
761,redbeardx9,95,215577,0,0,,,individual,https://hackerone.com/redbeardx9,Z2lkOi8vaGFja2Vyb25lL1VzZXIvNDQyODI5OQ==
762,masmib,95,215577,0,0,,,individual,https://hackerone.com/masmib,Z2lkOi8vaGFja2Vyb25lL1VzZXIvNDQzOTc5NA==
763,greyforestry,95,215577,0,0,,,individual,https://hackerone.com/greyforestry,Z2lkOi8vaGFja2Vyb25lL1VzZXIvNDU5Mjc4OA==
764,massbayy,95,215577,0,0,,,individual,https://hackerone.com/massbayy,Z2lkOi8vaGFja2Vyb25lL1VzZXIvNDUxNzE1MA==
765,fa33az,95,215577,0,0,,,individual,https://hackerone.com/fa33az,Z2lkOi8vaGFja2Vyb25lL1VzZXIvNDUzMzMyMA==
766,sparkle02,94,258622,1,2,,,individual,https://hackerone.com/sparkle02,Z2lkOi8vaGFja2Vyb25lL1VzZXIvMTI2MzU4Mg==
767,inspector_xz,94,258622,2,3,-1.0,,individual,https://hackerone.com/inspector_xz,Z2lkOi8vaGFja2Vyb25lL1VzZXIvMTg3NzI0Nw==
768,xhk_,94,258622,1,2,-2.0,,individual,https://hackerone.com/xhk_,Z2lkOi8vaGFja2Vyb25lL1VzZXIvMjYxMjkxNQ==
769,cyberdesu,92,259246,0,1,,,individual,https://hackerone.com/cyberdesu,Z2lkOi8vaGFja2Vyb25lL1VzZXIvMTQ0NzA2Ng==
770,imfrnx,92,259240,0,1,,,individual,https://hackerone.com/imfrnx,Z2lkOi8vaGFja2Vyb25lL1VzZXIvMTQ2MzIwNg==
771,zerochiperxxx,92,259246,0,1,,,individual,https://hackerone.com/zerochiperxxx,Z2lkOi8vaGFja2Vyb25lL1VzZXIvMjg0MzM1OA==
772,ssherlock_1,92,259246,0,1,,,individual,https://hackerone.com/ssherlock_1,Z2lkOi8vaGFja2Vyb25lL1VzZXIvMjkzNjg3Mw==
773,epen,92,259246,1,1,-1.0,,individual,https://hackerone.com/epen,Z2lkOi8vaGFja2Vyb25lL1VzZXIvMzA0ODk1NQ==
774,meow1336,92,259246,0,1,,,individual,https://hackerone.com/meow1336,Z2lkOi8vaGFja2Vyb25lL1VzZXIvMzE0NjQ1NA==
775,mastiko1986,92,259246,0,1,,,individual,https://hackerone.com/mastiko1986,Z2lkOi8vaGFja2Vyb25lL1VzZXIvMzIzNTY1Mw==
776,william443,92,259246,0,1,,,individual,https://hackerone.com/william443,Z2lkOi8vaGFja2Vyb25lL1VzZXIvMzQ2OTQyNw==
777,pvx,92,259246,0,1,,,individual,https://hackerone.com/pvx,Z2lkOi8vaGFja2Vyb25lL1VzZXIvMzQyNjM3Mg==
778,planktonroot,92,259246,0,1,,,individual,https://hackerone.com/planktonroot,Z2lkOi8vaGFja2Vyb25lL1VzZXIvMzU5NDU5MQ==
779,mindbl0wsec,92,259246,0,1,,,individual,https://hackerone.com/mindbl0wsec,Z2lkOi8vaGFja2Vyb25lL1VzZXIvNjQwMzUx
780,n12d11n,91,260336,0,2,-3.44,,individual,https://hackerone.com/n12d11n,Z2lkOi8vaGFja2Vyb25lL1VzZXIvMzg2NzM5Mg==
781,rwxrwxs,91,260332,1,3,-3.25,,individual,https://hackerone.com/rwxrwxs,Z2lkOi8vaGFja2Vyb25lL1VzZXIvNjc3MjE0
782,denysetiawan,90,260449,0,0,,,individual,https://hackerone.com/denysetiawan,Z2lkOi8vaGFja2Vyb25lL1VzZXIvMTEyMTgxNQ==
783,rozi0242,90,260451,0,0,,,individual,https://hackerone.com/rozi0242,Z2lkOi8vaGFja2Vyb25lL1VzZXIvMTM1NTA1OQ==
784,justlookit,90,260449,0,0,,,individual,https://hackerone.com/justlookit,Z2lkOi8vaGFja2Vyb25lL1VzZXIvMTQxNzUwNA==
785,hihipro65,90,260451,0,0,,,individual,https://hackerone.com/hihipro65,Z2lkOi8vaGFja2Vyb25lL1VzZXIvMTc5NDY2MA==
786,exuros,90,260446,0,0,,,individual,https://hackerone.com/exuros,Z2lkOi8vaGFja2Vyb25lL1VzZXIvMjAwMDAxMg==
787,d3x068,90,260451,0,1,,,individual,https://hackerone.com/d3x068,Z2lkOi8vaGFja2Vyb25lL1VzZXIvMjEyNTY4Mg==
788,u171n,90,260451,0,0,,,individual,https://hackerone.com/u171n,Z2lkOi8vaGFja2Vyb25lL1VzZXIvMjY4OTgzMg==
789,hilalattamimi,90,260451,0,0,,,individual,https://hackerone.com/hilalattamimi,Z2lkOi8vaGFja2Vyb25lL1VzZXIvMjYxNTEwNA==
790,0xpungoe,90,260451,0,0,,,individual,https://hackerone.com/0xpungoe,Z2lkOi8vaGFja2Vyb25lL1VzZXIvMjYzMjE0NQ==
791,sapik,90,260449,0,0,,,individual,https://hackerone.com/sapik,Z2lkOi8vaGFja2Vyb25lL1VzZXIvMjYzMzA0NA==
792,halduey,90,260451,0,0,,,individual,https://hackerone.com/halduey,Z2lkOi8vaGFja2Vyb25lL1VzZXIvMzE2ODA0Mw==
793,bejokoke_,90,260451,0,0,,,individual,https://hackerone.com/bejokoke_,Z2lkOi8vaGFja2Vyb25lL1VzZXIvMzI0NDc2Nw==
794,rhadit0525,90,260451,0,0,,,individual,https://hackerone.com/rhadit0525,Z2lkOi8vaGFja2Vyb25lL1VzZXIvMzM2MDk1OQ==
795,k0r3kk,90,260451,0,1,,,individual,https://hackerone.com/k0r3kk,Z2lkOi8vaGFja2Vyb25lL1VzZXIvMzU4MTMwNg==
796,andihsyh,90,260451,0,0,,,individual,https://hackerone.com/andihsyh,Z2lkOi8vaGFja2Vyb25lL1VzZXIvMzU5MTUyMw==
797,alewo,90,260451,0,0,,,individual,https://hackerone.com/alewo,Z2lkOi8vaGFja2Vyb25lL1VzZXIvMzg2NzM2NA==
798,dhipzy1337,90,260451,0,0,,,individual,https://hackerone.com/dhipzy1337,Z2lkOi8vaGFja2Vyb25lL1VzZXIvNDIzMTU5Mg==
799,cryptovip,90,260451,0,0,,,individual,https://hackerone.com/cryptovip,Z2lkOi8vaGFja2Vyb25lL1VzZXIvNDM4ODY3MQ==
800,rizki1337,90,260443,0,0,,,individual,https://hackerone.com/rizki1337,Z2lkOi8vaGFja2Vyb25lL1VzZXIvOTk0NDI4
801,xmark,90,260450,0,0,,,individual,https://hackerone.com/xmark,Z2lkOi8vaGFja2Vyb25lL1VzZXIvOTkxNzA1
802,haripriandana,89,274997,1,2,-2.6,,individual,https://hackerone.com/haripriandana,Z2lkOi8vaGFja2Vyb25lL1VzZXIvMTI3NjgzMg==
803,mrcylops,89,274997,2,2,-1.57,,individual,https://hackerone.com/mrcylops,Z2lkOi8vaGFja2Vyb25lL1VzZXIvMjIwNzk0NA==
804,twohair,89,275001,0,2,-5.0,,individual,https://hackerone.com/twohair,Z2lkOi8vaGFja2Vyb25lL1VzZXIvMjU0NzMw
805,nodal,87,275287,1,1,-2.0,,individual,https://hackerone.com/nodal,Z2lkOi8vaGFja2Vyb25lL1VzZXIvMTQxNDQyNA==
806,san9kala,87,275287,0,1,-5.0,,individual,https://hackerone.com/san9kala,Z2lkOi8vaGFja2Vyb25lL1VzZXIvMjU1MDkzMw==
807,yoshikage_kira26,87,275287,0,2,,,individual,https://hackerone.com/yoshikage_kira26,Z2lkOi8vaGFja2Vyb25lL1VzZXIvMjUzOTExOA==
808,p45pu7,87,275287,0,1,-5.0,,individual,https://hackerone.com/p45pu7,Z2lkOi8vaGFja2Vyb25lL1VzZXIvMjkzOTMwOA==
809,parjis,87,275287,0,1,-5.0,,individual,https://hackerone.com/parjis,Z2lkOi8vaGFja2Vyb25lL1VzZXIvMzM3NzY0Mw==
810,mindbl0w,87,275287,0,1,-3.75,,individual,https://hackerone.com/mindbl0w,Z2lkOi8vaGFja2Vyb25lL1VzZXIvNTMyOTYz
811,twosid,87,275287,0,1,-3.33,,individual,https://hackerone.com/twosid,Z2lkOi8vaGFja2Vyb25lL1VzZXIvOTQ3OTI2
812,yupysyntx,85,276020,0,0,,,individual,https://hackerone.com/yupysyntx,Z2lkOi8vaGFja2Vyb25lL1VzZXIvMTYzNzA1NQ==
813,friendsmr,85,276016,0,0,-5.0,,individual,https://hackerone.com/friendsmr,Z2lkOi8vaGFja2Vyb25lL1VzZXIvMTgyNzAzNQ==
814,rizal_marda,85,276017,0,0,,,individual,https://hackerone.com/rizal_marda,Z2lkOi8vaGFja2Vyb25lL1VzZXIvMjM0NTQ1Mg==
815,0xbroe,85,276017,0,0,-5.0,,individual,https://hackerone.com/0xbroe,Z2lkOi8vaGFja2Vyb25lL1VzZXIvMjM2MTYwOQ==
816,browtesting,85,276019,0,0,-5.0,,individual,https://hackerone.com/browtesting,Z2lkOi8vaGFja2Vyb25lL1VzZXIvMjQ2OTE5NA==
817,limmxx,85,276021,0,0,,,individual,https://hackerone.com/limmxx,Z2lkOi8vaGFja2Vyb25lL1VzZXIvMzEzOTkxMA==
818,kertiaa,85,276021,0,1,,,individual,https://hackerone.com/kertiaa,Z2lkOi8vaGFja2Vyb25lL1VzZXIvMzI5NjkwOQ==
819,damnn_1,85,276021,0,0,-5.0,,individual,https://hackerone.com/damnn_1,Z2lkOi8vaGFja2Vyb25lL1VzZXIvMzQ3NzQ4MA==
820,kh4iri,85,276021,0,0,-5.0,,individual,https://hackerone.com/kh4iri,Z2lkOi8vaGFja2Vyb25lL1VzZXIvNDA3MDEyNQ==
821,jnavibrokerscs,85,276021,0,0,-5.0,,individual,https://hackerone.com/jnavibrokerscs,Z2lkOi8vaGFja2Vyb25lL1VzZXIvNDAzMzM2MA==
822,mizzlynx00,85,276017,0,0,-5.0,,individual,https://hackerone.com/mizzlynx00,Z2lkOi8vaGFja2Vyb25lL1VzZXIvNDE5ODE0
823,nuribnuu,85,276021,0,0,-5.0,,individual,https://hackerone.com/nuribnuu,Z2lkOi8vaGFja2Vyb25lL1VzZXIvNDIwMjIwMw==
824,shinthink,85,276021,0,0,-5.0,,individual,https://hackerone.com/shinthink,Z2lkOi8vaGFja2Vyb25lL1VzZXIvNDQ4MjU4Mg==
825,secanalysts,84,280742,1,2,-1.8,,individual,https://hackerone.com/secanalysts,Z2lkOi8vaGFja2Vyb25lL1VzZXIvMTczOTY1
826,algisec1337,84,280742,2,3,-2.0,,individual,https://hackerone.com/algisec1337,Z2lkOi8vaGFja2Vyb25lL1VzZXIvMjI4MTIzMQ==
827,fajarakmall,83,280908,3,5,,,individual,https://hackerone.com/fajarakmall,Z2lkOi8vaGFja2Vyb25lL1VzZXIvMTQxNTk0NQ==
828,pekora,82,280953,0,1,-5.0,,individual,https://hackerone.com/pekora,Z2lkOi8vaGFja2Vyb25lL1VzZXIvMTAyMzE3NQ==
829,jingga,82,280951,1,2,-2.6,,individual,https://hackerone.com/jingga,Z2lkOi8vaGFja2Vyb25lL1VzZXIvMTM4ODczMg==
830,tuasikal_abdul13,82,280953,0,1,-3.6,,individual,https://hackerone.com/tuasikal_abdul13,Z2lkOi8vaGFja2Vyb25lL1VzZXIvMjg1ODY0OQ==
831,adnanapriliyansyah,82,280953,0,1,-5.0,,individual,https://hackerone.com/adnanapriliyansyah,Z2lkOi8vaGFja2Vyb25lL1VzZXIvMjg2NDU2NA==
832,mrstarclowns,82,,1,1,-3.5,,individual,https://hackerone.com/mrstarclowns,Z2lkOi8vaGFja2Vyb25lL1VzZXIvMjgyMTQ2NQ==
833,prasety0__,82,280953,0,1,-5.0,,individual,https://hackerone.com/prasety0__,Z2lkOi8vaGFja2Vyb25lL1VzZXIvMzAwNTM5NA==
834,mr-ts,82,280953,0,1,-5.0,,individual,https://hackerone.com/mr-ts,Z2lkOi8vaGFja2Vyb25lL1VzZXIvMzE1MTQwNw==
835,bobriva,82,280953,0,1,-5.0,,individual,https://hackerone.com/bobriva,Z2lkOi8vaGFja2Vyb25lL1VzZXIvMzQzNjMwNg==
836,auswahlen,80,281419,0,0,-5.0,,individual,https://hackerone.com/auswahlen,Z2lkOi8vaGFja2Vyb25lL1VzZXIvMTU1NTE4MQ==
837,akarkode,80,281423,0,0,,,individual,https://hackerone.com/akarkode,Z2lkOi8vaGFja2Vyb25lL1VzZXIvMzI0NjcyOA==
838,mashan1337,80,281423,0,0,,,individual,https://hackerone.com/mashan1337,Z2lkOi8vaGFja2Vyb25lL1VzZXIvMzM2NzUwOA==
839,darkgent,79,284194,2,2,-2.33,,individual,https://hackerone.com/darkgent,Z2lkOi8vaGFja2Vyb25lL1VzZXIvMTI4MzU1Mw==
840,zxc6775,77,284337,0,1,-5.0,,individual,https://hackerone.com/zxc6775,Z2lkOi8vaGFja2Vyb25lL1VzZXIvNDEzODg0
841,djoevanka,75,284651,0,0,-5.0,,individual,https://hackerone.com/djoevanka,Z2lkOi8vaGFja2Vyb25lL1VzZXIvMjEwMDc5NQ==
842,abudzar_al_gifari,75,284652,0,0,-5.0,,individual,https://hackerone.com/abudzar_al_gifari,Z2lkOi8vaGFja2Vyb25lL1VzZXIvMjEwMjczMw==
843,hellopentester,75,284655,0,0,-2.5,,individual,https://hackerone.com/hellopentester,Z2lkOi8vaGFja2Vyb25lL1VzZXIvMjY2NTA0
844,i_like_a25,75,284656,0,0,,,individual,https://hackerone.com/i_like_a25,Z2lkOi8vaGFja2Vyb25lL1VzZXIvMjg3MDk2OQ==
845,nabbbbbbbbb,72,286132,0,1,-6.67,,individual,https://hackerone.com/nabbbbbbbbb,Z2lkOi8vaGFja2Vyb25lL1VzZXIvMjYwMTg0Nw==
846,arc-squishy,72,286125,1,1,-4.0,,individual,https://hackerone.com/arc-squishy,Z2lkOi8vaGFja2Vyb25lL1VzZXIvODYxMzY0
847,shin_towel,71,286311,12,3,-1.0,,individual,https://hackerone.com/shin_towel,Z2lkOi8vaGFja2Vyb25lL1VzZXIvNDAzMDIw
848,maghua,71,286311,1,3,-3.87,,individual,https://hackerone.com/maghua,Z2lkOi8vaGFja2Vyb25lL1VzZXIvNzIwODYx
849,alioth_me,70,286355,0,0,-5.0,,individual,https://hackerone.com/alioth_me,Z2lkOi8vaGFja2Vyb25lL1VzZXIvMzI5NzMxNw==
850,utaa,70,286355,0,0,-5.0,,individual,https://hackerone.com/utaa,Z2lkOi8vaGFja2Vyb25lL1VzZXIvMzM3NDUzNQ==
851,ryan900,65,287456,0,0,-5.0,,individual,https://hackerone.com/ryan900,Z2lkOi8vaGFja2Vyb25lL1VzZXIvMTg3MTQ1Ng==
852,sayin,64,287968,0,2,-10.0,,individual,https://hackerone.com/sayin,Z2lkOi8vaGFja2Vyb25lL1VzZXIvMTQzOTUyNg==
853,bristlebug,64,287964,0,4,-2.19,,individual,https://hackerone.com/bristlebug,Z2lkOi8vaGFja2Vyb25lL1VzZXIvNjY1NDEz
854,miscx911,56,288656,0,3,-5.0,,individual,https://hackerone.com/miscx911,Z2lkOi8vaGFja2Vyb25lL1VzZXIvMTQ5ODU0Mg==
855,vikishptraa,55,288673,0,0,,,individual,https://hackerone.com/vikishptraa,Z2lkOi8vaGFja2Vyb25lL1VzZXIvMTEyNTk0OQ==
856,nazila_d,55,288680,3,4,-2.6,,individual,https://hackerone.com/nazila_d,Z2lkOi8vaGFja2Vyb25lL1VzZXIvMTM0OTkxNg==
857,rizki21,55,288680,0,0,-5.0,,individual,https://hackerone.com/rizki21,Z2lkOi8vaGFja2Vyb25lL1VzZXIvMTQ4NDk0NA==
858,rahmatsetiawan6199,55,288680,0,0,-5.0,,individual,https://hackerone.com/rahmatsetiawan6199,Z2lkOi8vaGFja2Vyb25lL1VzZXIvMTU2MjMwMA==
859,rade0nx,55,288680,0,0,-5.0,,individual,https://hackerone.com/rade0nx,Z2lkOi8vaGFja2Vyb25lL1VzZXIvMjQ0MzIxNA==
860,katrok,55,288680,0,0,-5.0,,individual,https://hackerone.com/katrok,Z2lkOi8vaGFja2Vyb25lL1VzZXIvNTQ1MTU2
861,zaen_hxr,54,288917,0,1,-5.0,,individual,https://hackerone.com/zaen_hxr,Z2lkOi8vaGFja2Vyb25lL1VzZXIvMTUwMjc3Ng==
862,spekpok,50,289043,0,0,-7.14,,individual,https://hackerone.com/spekpok,Z2lkOi8vaGFja2Vyb25lL1VzZXIvMzQ2ODA0Mg==
863,0xalter,42,289406,0,2,-5.0,,individual,https://hackerone.com/0xalter,Z2lkOi8vaGFja2Vyb25lL1VzZXIvMTk3MTgwMA==
864,s4s0r1,29,289737,1,2,-4.37,,individual,https://hackerone.com/s4s0r1,Z2lkOi8vaGFja2Vyb25lL1VzZXIvMTQ2OTA0Mg==
865,helmi387,17,289903,0,1,-5.0,,individual,https://hackerone.com/helmi387,Z2lkOi8vaGFja2Vyb25lL1VzZXIvMTI0MTQxOQ==
866,frizo_05,2,290051,2,5,-4.68,,individual,https://hackerone.com/frizo_05,Z2lkOi8vaGFja2Vyb25lL1VzZXIvMzQ5MTQxOA==
